episode,big_cpu_freq,little_cpu_freq,big_util,little_util,ipc,cache_miss,fps,action,aloss,closs,reward
1,1171200,576000,0.250701,2.104570,0.474934,0.000000,26,0,0,0,0
2,1171200,576000,0.256944,1.917272,0.469974,0.011111,26,5,0,327188.6875,-572.0040962621607
3,1171200,672000,0.400000,3.550000,0.478723,0.000000,26,8,0,327049.59375,-572.0040962621607
4,1171200,672000,0.250000,3.000000,0.441176,0.000000,26,8,0,332716.25,-577.3804403481822
5,1171200,576000,0.000000,3.166667,0.472441,0.000000,26,5,0,331695.71875,-577.3804403481822
6,1171200,672000,0.000000,2.796429,0.430622,0.005556,26,8,0,325026.03125,-572.0040962621607
7,1171200,576000,0.375000,3.238095,0.244898,0.005556,26,2,0,330473.125,-577.3804403481822
8,940800,576000,0.428571,3.214286,0.462725,0.005556,26,1,0,323750.78125,-572.0040962621607
9,710400,576000,0.400000,2.750000,0.467532,0.000000,26,0,0,312172.375,-562.4802867383512
10,710400,576000,0.200000,1.733333,0.445545,0.011111,26,3,0,300888.28125,-552.9564772145417
11,940800,672000,0.428571,1.450000,0.476190,0.000000,26,7,0,300321.78125,-552.9564772145417
12,1171200,576000,0.166667,2.738095,0.480000,0.000000,26,5,0,316588.375,-567.8566308243727
13,940800,672000,0.400000,2.600000,0.489130,0.000000,26,7,0,320516.1875,-572.0040962621607
14,710400,576000,0.285714,1.400000,0.487805,0.000000,26,3,0,313812.375,-567.8566308243727
15,1171200,672000,0.200000,1.666667,0.434783,0.000000,26,8,0,296404.5625,-552.9564772145417
16,1171200,576000,0.750000,2.600000,0.459184,0.005556,26,5,0,323674.1875,-577.3804403481822
17,940800,672000,0.833333,3.416667,0.477454,0.016667,26,7,0,315802.09375,-572.0040962621607
18,710400,576000,0.333333,2.916667,0.480000,0.005556,25,3,0,308645.5625,-567.8566308243727
19,1171200,576000,1.000000,2.666667,0.455696,0.000000,25,5,0,289868.53125,-553.289810547875
20,710400,672000,0.833333,2.250000,0.478723,0.000000,25,6,0,309773.09375,-572.3374295954941
21,940800,576000,0.000000,2.833333,0.490463,0.000000,25,1,0,292786.40625,-558.6661546338966
22,940800,576000,0.200000,1.083333,0.480000,0.005556,25,4,0,296084.78125,-562.8136200716846
23,1171200,672000,0.428571,2.700000,0.489130,0.000000,25,8,0,292462.0,-562.8136200716846
24,940800,576000,0.500000,2.250000,0.461538,0.000000,25,4,0,310376.09375,-577.7137736815156
25,940800,576000,1.200000,2.250000,0.368852,0.005556,26,4,0,286628.21875,-562.8136200716846
26,710400,576000,0.566667,0.750000,0.485175,0.000000,26,3,0,284788.28125,-562.4802867383512
27,1171200,672000,0.000000,2.338095,0.248619,0.016667,26,8,0,270884.46875,-552.9564772145417
28,1171200,576000,0.000000,2.600000,0.480000,0.005556,26,5,0,299577.375,-577.3804403481822
29,1171200,672000,0.200000,2.400000,0.481283,0.005556,26,8,0,283600.3125,-572.0040962621607
30,940800,576000,0.366667,1.833333,0.483871,0.005556,26,4,0,284151.53125,-577.3804403481822
31,710400,576000,0.166667,1.566667,0.468750,0.005556,26,3,0,264337.4375,-562.4802867383512
32,940800,576000,0.250000,2.925000,0.462725,0.005556,26,4,0,253223.28125,-552.9564772145417
33,940800,576000,0.250000,2.766667,0.490463,0.000000,26,4,0,260450.75,-562.4802867383512
34,1171200,576000,0.333333,2.025000,0.477454,0.005556,26,2,0,246489.03125,-562.4802867383512
35,1171200,672000,0.166667,1.700000,0.487805,0.000000,26,8,0,250914.6875,-572.0040962621607
36,1171200,576000,0.000000,2.500000,0.478723,0.005556,26,5,0,254159.609375,-577.3804403481822
37,1171200,576000,0.000000,3.166667,0.159433,0.016667,26,5,0,244819.359375,-572.0040962621607
38,940800,576000,0.600000,3.333333,0.487805,0.000000,26,1,0,232570.71875,-572.0040962621607
39,1171200,672000,0.250000,2.266667,0.474934,0.000000,26,8,0,210455.625,-562.4802867383512
40,940800,576000,0.000000,2.000000,0.453401,0.000000,26,1,0,212951.46875,-577.3804403481822
41,710400,576000,0.250000,2.366667,0.486486,0.000000,25,3,0,201112.34375,-562.4802867383512
42,710400,576000,0.166667,1.233333,0.485175,0.000000,25,3,0,190367.5,-553.289810547875
43,1171200,576000,0.000000,2.266667,0.419580,0.022222,25,2,0,178288.671875,-553.289810547875
44,1171200,576000,0.285714,2.023810,0.459184,0.000000,26,2,0,200059.453125,-572.3374295954941
45,940800,576000,1.133333,1.583333,0.450000,0.005556,26,4,0,176196.109375,-572.0040962621607
46,710400,576000,0.966667,1.992857,0.482574,0.016667,26,0,0,160088.0,-562.4802867383512
47,710400,672000,0.900000,3.433333,0.466321,0.000000,26,6,0,144780.390625,-552.9564772145417
48,710400,576000,0.285714,2.558333,0.478723,0.000000,26,0,0,136219.015625,-558.3328213005632
49,940800,576000,0.200000,2.100000,0.352941,0.000000,26,1,0,102839.5546875,-552.9564772145417
50,940800,576000,0.000000,2.200000,0.469974,0.016667,26,4,0,116096.6484375,-562.4802867383512
51,710400,576000,0.333333,2.464286,0.487805,0.000000,26,0,0,111909.3828125,-562.4802867383512
52,1171200,576000,0.366667,2.400000,0.476190,0.044444,26,2,0,96017.390625,-552.9564772145417
53,1171200,576000,0.000000,1.900000,0.407240,0.000000,26,5,0,92275.8203125,-572.0040962621607
54,940800,576000,0.000000,1.950000,0.477454,0.016667,26,1,0,79320.6171875,-572.0040962621607
55,940800,576000,0.166667,2.809524,0.490463,0.005556,26,1,0,75567.375,-562.4802867383512
56,710400,576000,0.200000,2.633333,0.473684,0.000000,26,0,0,67038.515625,-562.4802867383512
57,1171200,672000,0.200000,2.221429,0.469974,0.005556,26,8,0,39530.0625,-552.9564772145417
58,710400,576000,0.000000,1.400000,0.490463,0.000000,26,3,0,44924.12890625,-577.3804403481822
59,1171200,576000,0.333333,1.583333,0.455696,0.005556,26,5,0,29629.630859375,-552.9564772145417
60,940800,576000,0.285714,2.630952,0.481283,0.005556,26,1,0,47869.44140625,-572.0040962621607
61,1171200,576000,0.333333,3.666667,0.265096,0.005556,26,5,0,27404.77734375,-562.4802867383512
62,940800,672000,0.333333,2.166667,0.473684,0.016667,26,7,0,13018.2333984375,-572.0040962621607
63,940800,576000,0.250000,2.833333,0.477454,0.005556,26,1,0,1087.1678466796875,-567.8566308243727
64,1171200,672000,0.000000,2.166667,0.473684,0.016667,26,8,0,6257.7763671875,-562.4802867383512
65,1171200,576000,0.000000,1.933333,0.264317,0.005556,26,5,0,2040.9063720703125,-577.3804403481822
66,940800,576000,0.250000,2.916667,0.476190,0.000000,26,4,0,2859.57958984375,-572.0040962621607
67,1171200,576000,0.000000,nan,0.371134,0.027778,26,2,0,1683.378173828125,-562.4802867383512
68,940800,576000,0.250000,3.083333,0.486486,0.000000,26,1,0,657.6482543945312,-572.0040962621607
69,1171200,576000,0.900000,2.700000,0.126582,0.011111,26,2,0,310915.75,-562.4802867383512
70,710400,672000,0.333333,nan,0.478723,0.000000,26,6,0,321525.96875,-572.0040962621607
71,940800,672000,0.583333,3.000000,0.486486,0.000000,26,7,0,306101.03125,-558.3328213005632
72,940800,576000,0.000000,3.166667,0.478723,0.005556,26,1,0,316613.4375,-567.8566308243727
73,1171200,576000,1.500000,3.000000,0.472441,0.000000,26,5,0,310470.4375,-562.4802867383512
74,710400,576000,0.750000,2.200000,0.486486,0.000000,26,3,0,321045.84375,-572.0040962621607
75,1171200,576000,0.250000,3.216667,0.480000,0.005556,26,2,0,299695.09375,-552.9564772145417
76,1171200,576000,0.250000,3.666667,0.469974,0.005556,26,5,0,320776.78125,-572.0040962621607
77,940800,576000,0.000000,3.416667,0.361446,0.005556,26,4,0,320637.6875,-572.0040962621607
78,940800,576000,0.000000,3.333333,0.489130,0.000000,26,4,0,309803.59375,-562.4802867383512
79,710400,576000,0.200000,3.083333,0.476190,0.005556,26,0,0,309662.78125,-562.4802867383512
80,940800,672000,0.250000,2.583333,0.471204,0.005556,26,7,0,299014.1875,-552.9564772145417
81,940800,672000,0.000000,2.666667,0.077720,0.005556,26,7,0,315387.1875,-567.8566308243727
82,1171200,576000,0.000000,2.500000,0.487805,0.005556,26,5,0,315241.8125,-567.8566308243727
83,1171200,576000,0.200000,2.966667,0.454545,0.005556,26,2,0,319769.125,-572.0040962621607
84,1171200,576000,0.333333,1.600000,0.490463,0.000000,26,5,0,319621.4375,-572.0040962621607
85,710400,576000,0.000000,nan,0.480000,0.005556,26,3,0,319473.34375,-572.0040962621607
86,940800,576000,0.333333,2.166667,0.448878,0.005556,26,1,0,298160.71875,-552.9564772145417
87,940800,576000,0.000000,1.500000,0.473684,0.000000,26,1,0,308506.6875,-562.4802867383512
88,940800,672000,0.000000,2.004762,0.481283,0.005556,26,7,0,308361.34375,-562.4802867383512
89,940800,672000,0.000000,3.083333,0.485175,0.000000,26,7,0,314214.71875,-567.8566308243727
90,940800,672000,0.000000,3.166667,0.461538,0.000000,26,7,0,314068.375,-567.8566308243727
91,710400,576000,0.000000,1.750000,0.483871,0.005556,26,3,0,313922.25,-567.8566308243727
92,940800,576000,0.500000,2.666667,0.490463,0.000000,26,1,0,297305.625,-552.9564772145417
93,1171200,672000,0.000000,1.333333,0.485175,0.000000,26,8,0,307638.40625,-562.4802867383512
94,710400,672000,0.000000,0.500000,0.375783,0.000000,26,6,0,324241.96875,-577.3804403481822
95,710400,672000,0.750000,2.400000,0.467532,0.005556,26,6,0,302770.4375,-558.3328213005632
96,940800,576000,0.250000,2.450000,0.156658,0.038889,26,1,0,302628.84375,-558.3328213005632
97,710400,576000,0.200000,2.833333,0.490463,0.000000,26,3,0,307067.09375,-562.4802867383512
98,1171200,576000,0.000000,2.750000,0.485175,0.000000,26,2,0,296463.625,-552.9564772145417
99,940800,576000,0.500000,3.166667,0.467532,0.000000,26,1,0,317425.21875,-572.0040962621607
100,710400,576000,0.500000,2.083333,0.490463,0.005556,26,0,0,306643.65625,-562.4802867383512
101,1171200,672000,0.583333,1.083333,0.446650,0.000000,26,8,0,296048.6875,-552.9564772145417
102,710400,672000,0.200000,2.366667,0.147541,0.022222,26,6,0,323080.03125,-577.3804403481822
103,710400,576000,0.000000,3.166667,0.483871,0.005556,26,0,0,301650.8125,-558.3328213005632
104,1171200,576000,0.500000,3.666667,0.487805,0.000000,26,2,0,295637.25,-552.9564772145417
105,710400,672000,0.000000,3.100000,0.461538,0.005556,26,6,0,316572.3125,-572.0040962621607
106,1171200,576000,0.250000,2.166667,0.461538,0.000000,26,5,0,301237.5625,-558.3328213005632
107,1171200,576000,0.000000,2.000000,0.423529,0.000000,26,2,0,316290.90625,-572.0040962621607
108,710400,576000,0.000000,2.000000,0.490463,0.000000,26,3,0,316150.53125,-572.0040962621607
109,710400,672000,0.200000,1.916667,0.477454,0.005556,26,6,0,294957.96875,-552.9564772145417
110,940800,576000,1.083333,3.200000,0.450000,0.000000,26,1,0,300690.3125,-558.3328213005632
111,940800,576000,1.000000,3.000000,0.467532,0.000000,26,1,0,305118.9375,-562.4802867383512
112,710400,576000,0.166667,3.150000,0.482574,0.011111,26,0,0,304982.15625,-562.4802867383512
113,940800,576000,0.000000,1.833333,0.478723,0.000000,26,1,0,294419.5625,-552.9564772145417
114,710400,576000,0.333333,1.666667,0.480000,0.000000,26,3,0,304709.3125,-562.4802867383512
115,1171200,576000,0.200000,1.600000,0.465116,0.011111,26,5,0,294151.96875,-552.9564772145417
116,710400,672000,0.000000,3.750000,0.432692,0.016667,26,6,0,315037.875,-572.0040962621607
117,1171200,576000,0.333333,3.666667,0.481283,0.005556,26,2,0,299743.09375,-558.3328213005632
118,1171200,672000,0.000000,2.000000,0.180361,0.044444,26,8,0,314761.6875,-572.0040962621607
119,940800,672000,0.333333,1.666667,0.489130,0.000000,26,7,0,320683.78125,-577.3804403481822
120,710400,576000,0.000000,3.000000,0.474934,0.000000,26,3,0,309850.6875,-567.8566308243727
121,940800,576000,0.333333,2.166667,0.318021,0.005556,26,1,0,293350.90625,-552.9564772145417
122,710400,672000,0.000000,1.733333,0.474934,0.000000,26,6,0,303622.46875,-562.4802867383512
123,1171200,672000,0.500000,3.166667,0.226131,0.044444,26,8,0,298934.28125,-558.3328213005632
124,710400,576000,0.000000,2.833333,0.490463,0.000000,26,0,0,319986.40625,-577.3804403481822
125,940800,576000,0.285714,3.000000,0.489130,0.000000,26,4,0,292817.375,-552.9564772145417
126,940800,576000,0.500000,3.333333,0.482574,0.005556,26,1,0,303079.5625,-562.4802867383512
127,940800,672000,0.000000,2.916667,0.340909,0.011111,26,7,0,302943.875,-562.4802867383512
128,710400,576000,0.333333,1.500000,0.482574,0.005556,26,3,0,308754.0,-567.8566308243727
129,1171200,576000,0.000000,nan,0.471204,0.005556,26,5,0,292283.71875,-552.9564772145417
130,1171200,672000,0.000000,2.000000,0.485175,0.000000,26,8,0,313103.90625,-572.0040962621607
131,940800,576000,0.000000,2.333333,0.437956,0.000000,26,1,0,319009.78125,-577.3804403481822
132,940800,576000,0.000000,2.416667,0.487805,0.000000,26,1,0,302263.78125,-562.4802867383512
133,710400,672000,0.500000,2.900000,0.468750,0.000000,26,6,0,302127.21875,-562.4802867383512
134,710400,576000,0.333333,2.338095,0.477454,0.000000,26,3,0,297449.34375,-558.3328213005632
135,1171200,576000,0.200000,1.316667,0.482574,0.011111,26,5,0,291479.5,-552.9564772145417
136,1171200,672000,0.142857,2.071429,0.476190,0.000000,26,8,0,312270.53125,-572.0040962621607
137,1171200,576000,0.333333,2.285714,0.439024,0.005556,26,5,0,318167.40625,-577.3804403481822
138,1171200,576000,0.200000,2.066667,0.468750,0.005556,25,2,0,311991.1875,-572.0040962621607
139,710400,576000,0.142857,1.211905,0.277350,0.011111,25,3,0,312223.25,-572.3374295954941
140,1171200,576000,0.166667,2.933333,0.490463,0.000000,25,2,0,291163.71875,-553.289810547875
141,1171200,576000,0.666667,2.321429,0.455696,0.005556,25,2,0,311941.875,-572.3374295954941
142,940800,672000,0.583333,1.833333,0.459184,0.005556,26,7,0,311800.78125,-572.3374295954941
143,710400,576000,0.166667,1.119048,0.203620,0.038889,26,0,0,306676.4375,-567.8566308243727
144,1171200,576000,0.000000,3.200000,0.428571,0.000000,26,2,0,290258.65625,-552.9564772145417
145,940800,672000,0.450000,3.666667,0.453401,0.011111,26,7,0,311003.84375,-572.0040962621607
146,1171200,672000,0.000000,2.166667,0.489130,0.000000,26,8,0,306254.09375,-567.8566308243727
147,940800,576000,0.250000,2.100000,0.487805,0.000000,25,4,0,316741.90625,-577.3804403481822
148,710400,672000,0.200000,1.650000,0.487805,0.011111,25,6,0,300417.0,-562.8136200716846
149,710400,672000,0.000000,2.333333,0.483871,0.005556,25,6,0,295747.84375,-558.6661546338966
150,1171200,672000,0.400000,2.791667,0.478723,0.000000,25,8,0,295607.84375,-558.6661546338966
151,940800,672000,0.366667,1.500000,0.490463,0.000000,25,7,0,316537.90625,-577.7137736815156
152,940800,672000,0.600000,2.125000,0.334572,0.005556,25,7,0,305768.78125,-568.1899641577061
153,940800,576000,0.285714,2.635714,0.478723,0.005556,25,1,0,305625.0,-568.1899641577061
154,1171200,576000,0.411111,3.523810,0.490463,0.005556,25,2,0,299566.75,-562.8136200716846
155,710400,576000,0.533333,2.700000,0.474934,0.000000,26,3,0,309937.25,-572.3374295954941
156,710400,576000,0.000000,3.150000,0.467532,0.005556,26,3,0,288592.375,-552.9564772145417
157,710400,672000,0.250000,3.100000,0.454545,0.000000,26,6,0,288451.34375,-552.9564772145417
158,940800,672000,0.000000,3.407143,0.476190,0.000000,26,7,0,294112.71875,-558.3328213005632
159,710400,576000,0.000000,2.300000,0.482574,0.000000,26,0,0,304388.0,-567.8566308243727
160,710400,576000,0.250000,2.000000,0.474934,0.000000,25,3,0,288026.78125,-552.9564772145417
161,710400,672000,0.250000,1.333333,0.486486,0.000000,25,6,0,288242.4375,-553.289810547875
162,710400,576000,0.000000,nan,0.486486,0.000000,25,3,0,293900.375,-558.6661546338966
163,940800,576000,0.250000,2.266667,0.458015,0.005556,25,4,0,287957.15625,-553.289810547875
164,1171200,576000,0.000000,2.369048,0.447761,0.011111,25,2,0,298123.46875,-562.8136200716846
165,940800,576000,0.200000,1.683333,0.477454,0.005556,25,4,0,308465.59375,-572.3374295954941
166,710400,576000,0.916667,1.833333,0.474934,0.005556,25,3,0,297830.40625,-562.8136200716846
167,1171200,576000,0.833333,2.125000,0.211020,0.000000,25,5,0,287381.1875,-553.289810547875
168,710400,576000,0.392857,2.964286,0.480000,0.005556,25,3,0,308015.71875,-572.3374295954941
169,940800,672000,0.166667,2.047619,0.315236,0.000000,26,7,0,287090.0,-553.289810547875
170,1171200,576000,0.333333,1.604762,0.472441,0.000000,26,2,0,302762.03125,-567.8566308243727
171,940800,576000,0.833333,2.133333,0.465116,0.000000,26,4,0,307191.3125,-572.0040962621607
172,710400,672000,0.333333,2.466667,0.490463,0.000000,26,6,0,296574.65625,-562.4802867383512
173,1171200,576000,0.166667,1.707143,0.434783,0.005556,26,2,0,291924.875,-558.3328213005632
174,710400,576000,0.400000,1.666667,0.471204,0.000000,26,3,0,306731.0625,-572.0040962621607
175,710400,672000,0.000000,1.250000,0.490463,0.000000,26,6,0,285846.09375,-552.9564772145417
176,710400,576000,0.333333,2.716667,0.161871,0.038889,26,3,0,291472.65625,-558.3328213005632
177,1171200,576000,0.333333,3.166667,0.376569,0.000000,26,5,0,285546.21875,-552.9564772145417
178,710400,576000,0.142857,2.071429,0.468750,0.000000,25,0,0,306109.875,-572.0040962621607
179,940800,576000,0.533333,1.428571,0.489130,0.000000,25,4,0,285600.34375,-553.289810547875
180,710400,672000,0.472222,2.825397,0.455696,0.005556,25,6,0,295715.84375,-562.8136200716846
181,940800,672000,0.285714,1.583333,0.489130,0.005556,25,7,0,291068.21875,-558.6661546338966
182,710400,672000,0.250000,1.166667,0.483871,0.005556,25,6,0,301277.90625,-568.1899641577061
183,710400,576000,0.250000,2.236111,0.463918,0.011111,25,0,0,290758.1875,-558.6661546338966
184,940800,576000,0.000000,2.500000,0.480000,0.005556,25,1,0,284834.59375,-553.289810547875
185,1171200,576000,0.166667,2.242857,0.448878,0.000000,26,2,0,294933.3125,-562.8136200716846
186,1171200,576000,0.200000,1.633333,0.477454,0.000000,26,5,0,304839.0625,-572.0040962621607
187,940800,576000,0.166667,2.171429,0.480000,0.005556,26,1,0,304677.0625,-572.0040962621607
188,1171200,576000,0.952381,3.073810,0.477454,0.011111,26,2,0,294093.78125,-562.4802867383512
189,940800,672000,0.333333,1.833333,0.489130,0.000000,26,7,0,304350.40625,-572.0040962621607
190,710400,672000,0.000000,nan,0.441176,0.016667,26,6,0,299628.0,-567.8566308243727
191,1171200,576000,0.500000,1.900000,0.232258,0.044444,26,5,0,289131.03125,-558.3328213005632
192,710400,576000,0.400000,2.200000,0.486486,0.000000,26,3,0,303854.21875,-572.0040962621607
193,1171200,576000,0.000000,2.766667,0.440098,0.000000,26,5,0,283056.59375,-552.9564772145417
194,940800,672000,0.333333,nan,0.462725,0.000000,26,7,0,303519.8125,-572.0040962621607
195,940800,576000,0.000000,2.666667,0.480000,0.000000,26,1,0,298800.03125,-567.8566308243727
196,940800,576000,0.000000,0.500000,0.420561,0.005556,26,1,0,292784.875,-562.4802867383512
197,710400,576000,0.333333,nan,0.489130,0.000000,26,3,0,292617.875,-562.4802867383512
198,710400,576000,0.583333,2.416667,0.480000,0.000000,25,0,0,282240.1875,-552.9564772145417
199,940800,672000,0.000000,1.500000,0.478723,0.000000,25,7,0,282429.125,-553.289810547875
200,1171200,576000,0.000000,2.000000,0.455696,0.011111,25,2,0,298317.78125,-568.1899641577061
201,710400,576000,0.333333,2.333333,0.480000,0.000000,25,3,0,302692.84375,-572.3374295954941
202,710400,576000,0.000000,2.083333,0.483871,0.005556,25,0,0,281928.84375,-553.289810547875
203,710400,576000,0.000000,2.750000,0.466321,0.005556,25,3,0,281760.625,-553.289810547875
204,1171200,576000,0.000000,3.416667,0.468750,0.005556,25,2,0,281591.84375,-553.289810547875
205,1171200,672000,0.200000,2.416667,0.480000,0.005556,26,8,0,301994.59375,-572.3374295954941
206,940800,672000,0.250000,1.500000,0.432692,0.011111,26,7,0,307384.5625,-577.3804403481822
207,710400,672000,0.333333,2.166667,0.118499,0.061111,26,6,0,296738.40625,-567.8566308243727
208,1171200,576000,0.200000,2.333333,0.390456,0.005556,26,2,0,286278.8125,-558.3328213005632
209,710400,672000,0.250000,2.883333,0.489130,0.005556,26,6,0,300915.9375,-572.0040962621607
210,710400,672000,0.000000,nan,0.486486,0.000000,26,6,0,285927.8125,-558.3328213005632
211,940800,576000,0.000000,2.166667,0.489130,0.005556,26,1,0,285751.0625,-558.3328213005632
212,940800,576000,0.250000,2.666667,0.466321,0.005556,25,4,0,290023.53125,-562.4802867383512
213,1171200,576000,0.833333,2.333333,0.439024,0.000000,25,5,0,290202.90625,-562.8136200716846
214,710400,576000,0.000000,1.833333,0.486486,0.000000,25,3,0,300370.84375,-572.3374295954941
215,940800,672000,0.000000,1.333333,0.472441,0.000000,25,7,0,279676.5,-553.289810547875
216,1171200,576000,0.250000,2.333333,0.205950,0.005556,25,2,0,295474.0625,-568.1899641577061
217,710400,672000,0.500000,3.333333,0.458015,0.005556,25,6,0,299813.46875,-572.3374295954941
218,940800,672000,0.000000,1.500000,0.482574,0.000000,25,7,0,284845.75,-558.6661546338966
219,940800,576000,0.250000,3.000000,0.489130,0.000000,25,4,0,294915.09375,-568.1899641577061
220,1171200,576000,0.000000,2.500000,0.486486,0.000000,25,2,0,288918.1875,-562.8136200716846
221,1171200,576000,0.500000,2.833333,0.480000,0.005556,26,2,0,299056.5625,-572.3374295954941
222,940800,576000,0.333333,2.000000,0.485175,0.000000,26,4,0,298500.4375,-572.0040962621607
223,1171200,576000,0.333333,1.000000,0.486486,0.000000,26,2,0,287994.8125,-562.4802867383512
224,940800,576000,1.083333,1.750000,0.079156,0.000000,26,4,0,298113.65625,-572.0040962621607
225,940800,576000,0.500000,3.333333,0.480000,0.005556,26,1,0,287612.78125,-562.4802867383512
226,940800,672000,0.250000,2.583333,0.486486,0.000000,26,7,0,287420.34375,-562.4802867383512
227,1171200,576000,0.000000,3.250000,0.480000,0.000000,26,2,0,293018.6875,-567.8566308243727
228,940800,576000,0.750000,3.000000,0.483871,0.000000,26,4,0,297328.1875,-572.0040962621607
229,710400,672000,0.500000,4.000000,0.177165,0.000000,26,6,0,286837.0,-562.4802867383512
230,710400,576000,0.250000,2.766667,0.478723,0.011111,25,3,0,282216.78125,-558.3328213005632
231,1171200,672000,0.200000,2.766667,0.504202,0.005556,25,8,0,276690.25,-553.289810547875
232,940800,672000,0.000000,nan,0.466321,0.005556,25,7,0,302778.03125,-577.7137736815156
233,940800,576000,0.333333,3.500000,0.459184,0.000000,25,4,0,292186.375,-568.1899641577061
234,940800,576000,0.500000,3.500000,0.486486,0.000000,25,1,0,286202.40625,-562.8136200716846
235,710400,576000,0.000000,2.666667,0.465116,0.005556,25,0,0,286000.96875,-562.8136200716846
236,1171200,672000,0.450000,3.466667,0.346154,0.016667,25,8,0,275706.40625,-553.289810547875
237,940800,672000,0.000000,3.500000,0.482574,0.005556,25,7,0,301743.15625,-577.7137736815156
238,1171200,576000,0.250000,2.916667,0.477454,0.016667,26,2,0,291164.1875,-568.1899641577061
239,710400,672000,0.000000,1.333333,0.429594,0.000000,26,6,0,295085.6875,-572.0040962621607
240,710400,576000,0.000000,1.500000,0.467532,0.005556,26,0,0,280214.3125,-558.3328213005632
241,940800,576000,0.000000,2.333333,0.462725,0.000000,26,1,0,274347.25,-552.9564772145417
242,1171200,576000,0.200000,2.500000,0.469974,0.005556,26,2,0,284206.4375,-562.4802867383512
243,940800,576000,0.000000,3.333333,0.480000,0.000000,26,1,0,294238.5625,-572.0040962621607
244,1171200,576000,0.000000,4.000000,0.476190,0.011111,26,2,0,283786.46875,-562.4802867383512
245,940800,672000,0.250000,2.583333,0.485175,0.000000,26,7,0,293808.65625,-572.0040962621607
246,710400,576000,0.000000,3.150000,0.490463,0.000000,26,0,0,289114.40625,-567.8566308243727
247,940800,576000,0.000000,3.166667,0.207612,0.050000,26,1,0,273102.5625,-552.9564772145417
248,1171200,576000,0.500000,2.666667,0.482574,0.005556,26,2,0,282932.4375,-562.4802867383512
249,1171200,576000,0.000000,2.500000,0.472441,0.011111,26,2,0,292935.03125,-572.0040962621607
250,940800,576000,0.000000,0.333333,0.305085,0.005556,26,1,0,292713.6875,-572.0040962621607
251,940800,576000,0.000000,3.500000,0.441176,0.000000,26,4,0,282280.25,-562.4802867383512
252,940800,672000,0.000000,nan,0.478723,0.000000,26,7,0,282060.4375,-562.4802867383512
253,940800,576000,0.000000,2.283333,0.468750,0.011111,26,4,0,287576.90625,-567.8566308243727
254,710400,576000,0.250000,3.250000,0.393013,0.033333,26,0,0,281617.4375,-562.4802867383512
255,1171200,576000,0.250000,3.600000,0.456853,0.005556,26,5,0,271380.84375,-552.9564772145417
256,940800,576000,0.500000,4.000000,0.466321,0.005556,26,4,0,291361.21875,-572.0040962621607
257,940800,576000,0.000000,1.833333,0.490463,0.000000,26,4,0,280945.03125,-562.4802867383512
258,1171200,576000,0.000000,2.683333,0.486486,0.000000,26,5,0,280718.625,-562.4802867383512
259,710400,576000,0.333333,2.333333,0.480000,0.005556,26,3,0,290669.65625,-572.0040962621607
260,1171200,576000,1.000000,1.916667,0.489130,0.000000,26,2,0,270268.9375,-552.9564772145417
261,940800,672000,1.166667,3.166667,0.149378,0.050000,26,7,0,290202.5625,-572.0040962621607
262,710400,576000,0.400000,2.333333,0.483871,0.005556,26,0,0,285517.625,-567.8566308243727
263,710400,672000,0.400000,2.916667,0.486486,0.000000,26,6,0,269587.71875,-552.9564772145417
264,1171200,576000,0.000000,2.666667,0.467532,0.000000,26,2,0,274968.125,-558.3328213005632
265,940800,576000,0.000000,0.666667,0.476190,0.000000,26,1,0,289254.15625,-572.0040962621607
266,940800,576000,0.333333,2.333333,0.456853,0.005556,26,4,0,278864.6875,-562.4802867383512
267,940800,672000,0.000000,nan,0.482574,0.005556,26,7,0,278627.59375,-562.4802867383512
268,710400,576000,0.000000,3.333333,0.487805,0.000000,26,0,0,284091.59375,-567.8566308243727
269,940800,576000,0.000000,1.666667,0.468750,0.000000,26,4,0,268194.65625,-552.9564772145417
270,940800,672000,0.400000,2.850000,0.463918,0.016667,26,7,0,277909.15625,-562.4802867383512
271,1171200,576000,1.000000,2.500000,0.445545,0.000000,26,5,0,283362.4375,-567.8566308243727
272,710400,672000,1.333333,4.000000,0.483871,0.011111,26,6,0,287547.625,-572.0040962621607
273,710400,672000,0.000000,nan,0.333333,0.005556,26,6,0,272829.65625,-558.3328213005632
274,710400,576000,0.333333,1.666667,0.483871,0.005556,26,0,0,272585.84375,-558.3328213005632
275,940800,576000,0.000000,2.183333,0.472441,0.011111,26,4,0,266758.375,-552.9564772145417
276,1171200,672000,0.000000,nan,0.481283,0.005556,26,8,0,276439.3125,-562.4802867383512
277,710400,576000,0.000000,2.550000,0.490463,0.000000,26,0,0,292073.625,-577.3804403481822
278,940800,576000,0.000000,2.833333,0.398230,0.033333,26,4,0,266024.4375,-552.9564772145417
279,940800,672000,0.500000,2.833333,0.489130,0.005556,26,7,0,275687.75,-562.4802867383512
280,940800,576000,0.750000,2.750000,0.485175,0.000000,26,1,0,281106.8125,-567.8566308243727
281,940800,576000,1.000000,3.166667,0.446650,0.000000,26,1,0,275180.09375,-562.4802867383512
282,710400,672000,1.000000,nan,0.266667,0.033333,26,6,0,274924.28125,-562.4802867383512
283,940800,576000,1.500000,2.333333,0.476190,0.000000,26,1,0,270337.03125,-558.3328213005632
284,940800,576000,0.833333,2.500000,0.440098,0.011111,26,4,0,274408.875,-562.4802867383512
285,940800,576000,0.500000,3.166667,0.490463,0.005556,26,4,0,274149.25,-562.4802867383512
286,710400,576000,0.000000,0.833333,0.489130,0.000000,26,0,0,273888.375,-562.4802867383512
287,1171200,672000,0.500000,3.066667,0.463918,0.000000,26,8,0,263753.21875,-552.9564772145417
288,1171200,672000,0.366667,2.183333,0.427553,0.005556,26,8,0,289165.875,-577.3804403481822
289,1171200,576000,0.166667,1.000000,0.456853,0.000000,25,2,0,288893.0625,-577.3804403481822
290,1171200,672000,0.250000,1.650000,0.469974,0.000000,25,8,0,283225.03125,-572.3374295954941
291,1171200,672000,0.166667,1.833333,0.242915,0.011111,25,8,0,288699.46875,-577.7137736815156
292,710400,576000,0.200000,2.500000,0.486486,0.000000,25,0,0,288420.53125,-577.7137736815156
293,710400,576000,0.714286,2.558333,0.480000,0.000000,26,3,0,262515.1875,-553.289810547875
294,1171200,576000,0.200000,2.558333,0.456853,0.005556,26,5,0,261905.140625,-552.9564772145417
295,940800,576000,0.000000,2.833333,0.316901,0.000000,26,1,0,281484.46875,-572.0040962621607
296,940800,576000,0.285714,2.528571,0.429594,0.011111,26,4,0,271193.40625,-562.4802867383512
297,940800,576000,0.000000,2.400000,0.483871,0.005556,26,1,0,270916.0625,-562.4802867383512
298,940800,576000,0.250000,2.166667,0.462725,0.000000,26,4,0,270637.53125,-562.4802867383512
299,710400,576000,0.250000,1.500000,0.453401,0.000000,26,0,0,270357.65625,-562.4802867383512
300,940800,576000,0.366667,2.576190,0.476190,0.005556,26,1,0,260268.421875,-552.9564772145417
301,940800,672000,0.000000,4.000000,0.485175,0.000000,26,7,0,269794.65625,-562.4802867383512
302,1171200,672000,1.000000,4.000000,0.490463,0.000000,26,8,0,275122.46875,-567.8566308243727
303,1171200,672000,0.000000,2.500000,0.305085,0.005556,26,8,0,284910.875,-577.3804403481822
304,710400,576000,0.000000,nan,0.476190,0.000000,26,3,0,284615.53125,-577.3804403481822
305,710400,672000,0.333333,nan,0.486486,0.000000,26,6,0,258868.140625,-552.9564772145417
306,710400,672000,1.000000,1.750000,0.485175,0.000000,25,6,0,264080.3125,-558.3328213005632
307,940800,576000,0.500000,2.250000,0.477454,0.000000,25,4,0,264134.1875,-558.6661546338966
308,940800,576000,0.833333,1.447619,0.456853,0.011111,25,4,0,268122.1875,-562.8136200716846
309,710400,672000,0.250000,2.971429,0.490463,0.005556,25,6,0,267828.5,-562.8136200716846
310,1171200,576000,0.250000,2.950000,0.482574,0.011111,25,2,0,263260.1875,-558.6661546338966
311,710400,672000,0.400000,1.166667,0.489130,0.000000,26,6,0,277174.5,-572.3374295954941
312,1171200,672000,0.250000,1.766667,0.487805,0.000000,26,8,0,262328.84375,-558.3328213005632
313,710400,576000,0.200000,2.338095,0.465116,0.000000,26,3,0,281895.46875,-577.3804403481822
314,710400,672000,0.250000,1.933333,0.463918,0.011111,26,6,0,256260.859375,-552.9564772145417
315,940800,576000,0.366667,2.766667,0.452261,0.011111,26,4,0,261433.171875,-558.3328213005632
316,710400,672000,0.250000,2.300000,0.328467,0.000000,25,6,0,265388.21875,-562.4802867383512
317,1171200,576000,0.850000,1.666667,0.487805,0.000000,25,2,0,261170.375,-558.6661546338966
318,940800,576000,0.200000,1.733333,0.458015,0.005556,25,1,0,275018.6875,-572.3374295954941
319,940800,576000,0.375000,3.732143,0.485175,0.011111,25,1,0,264812.0625,-562.8136200716846
320,1171200,576000,0.333333,3.750000,0.269461,0.011111,25,5,0,264502.28125,-562.8136200716846
321,1171200,576000,0.250000,2.916667,0.489130,0.000000,25,5,0,274072.125,-572.3374295954941
322,940800,576000,0.000000,3.666667,0.468750,0.005556,25,1,0,273753.0625,-572.3374295954941
323,1171200,672000,0.000000,3.000000,0.430622,0.005556,25,8,0,263562.53125,-562.8136200716846
324,1171200,576000,0.250000,3.000000,0.460358,0.000000,25,5,0,278757.78125,-577.7137736815156
325,940800,576000,0.333333,2.000000,0.105263,0.038889,25,4,0,272784.71875,-572.3374295954941
326,710400,576000,0.000000,3.750000,0.301508,0.000000,25,3,0,262606.34375,-562.8136200716846
327,710400,576000,0.285714,3.633333,0.473684,0.005556,25,3,0,252620.015625,-553.289810547875
328,710400,576000,0.200000,2.863095,0.478723,0.000000,25,3,0,252303.28125,-553.289810547875
329,710400,576000,0.200000,2.100000,0.466321,0.000000,25,0,0,251985.765625,-553.289810547875
330,710400,576000,0.000000,1.500000,0.225847,0.000000,25,0,0,251667.40625,-553.289810547875
331,940800,576000,0.000000,2.016667,0.490463,0.000000,25,4,0,251348.15625,-553.289810547875
332,940800,672000,0.500000,2.750000,0.485175,0.000000,25,7,0,260661.96875,-562.8136200716846
333,1171200,672000,0.250000,2.416667,0.473684,0.000000,25,8,0,265849.25,-568.1899641577061
334,1171200,576000,0.600000,2.600000,0.338346,0.000000,26,2,0,275421.5,-577.7137736815156
335,940800,576000,0.800000,0.933333,0.490463,0.000000,26,1,0,269122.71875,-572.0040962621607
336,1171200,576000,0.200000,2.071429,0.186722,0.016667,26,5,0,258997.71875,-562.4802867383512
337,1171200,576000,0.000000,3.133333,0.473684,0.005556,26,5,0,268440.03125,-572.0040962621607
338,940800,672000,0.250000,2.166667,0.490463,0.000000,26,7,0,268095.96875,-572.0040962621607
339,710400,576000,0.200000,2.071429,0.434783,0.000000,26,3,0,263474.8125,-567.8566308243727
340,1171200,576000,0.333333,2.000000,0.486486,0.000000,26,2,0,248065.28125,-552.9564772145417
341,940800,672000,1.000000,2.000000,0.199557,0.038889,26,7,0,267053.28125,-572.0040962621607
342,940800,672000,0.000000,nan,0.465116,0.000000,26,7,0,262435.96875,-567.8566308243727
343,710400,576000,0.000000,2.500000,0.472441,0.000000,26,0,0,262086.34375,-567.8566308243727
344,1171200,672000,0.500000,3.666667,0.427553,0.027778,26,8,0,246711.171875,-552.9564772145417
345,1171200,576000,0.000000,3.266667,0.485175,0.000000,26,2,0,271211.84375,-577.3804403481822
346,1171200,576000,0.200000,2.566667,0.490463,0.000000,26,5,0,265283.59375,-572.0040962621607
347,710400,672000,0.250000,1.816667,0.453401,0.005556,26,6,0,264924.15625,-572.0040962621607
348,940800,672000,0.000000,0.916667,0.460358,0.000000,26,7,0,250685.828125,-558.3328213005632
349,940800,672000,0.309524,1.828571,0.194805,0.005556,26,7,0,259953.90625,-567.8566308243727
350,940800,576000,0.200000,2.933333,0.424528,0.011111,26,1,0,259592.703125,-567.8566308243727
351,1171200,576000,0.200000,2.166667,0.448878,0.005556,26,2,0,253784.015625,-562.4802867383512
352,1171200,576000,0.333333,2.516667,0.338983,0.000000,26,2,0,263103.125,-572.0040962621607
353,710400,672000,0.250000,2.416667,0.460358,0.000000,26,6,0,262733.96875,-572.0040962621607
354,1171200,576000,0.250000,1.333333,0.465116,0.005556,26,5,0,248544.421875,-558.3328213005632
355,940800,672000,0.250000,3.183333,0.478723,0.005556,26,7,0,261990.546875,-572.0040962621607
356,710400,576000,0.200000,2.666667,0.340909,0.000000,26,3,0,257390.84375,-567.8566308243727
357,1171200,576000,0.166667,1.666667,0.448878,0.011111,26,2,0,242132.171875,-552.9564772145417
358,940800,576000,0.166667,1.933333,0.490463,0.000000,26,1,0,260863.96875,-572.0040962621607
359,710400,576000,0.333333,2.000000,0.332103,0.000000,26,3,0,250854.609375,-562.4802867383512
360,1171200,576000,0.250000,3.416667,0.445545,0.011111,26,5,0,241039.53125,-552.9564772145417
361,710400,672000,0.333333,2.833333,0.184049,0.050000,26,6,0,259724.890625,-572.0040962621607
362,940800,672000,0.000000,nan,0.428571,0.000000,26,7,0,245604.671875,-558.3328213005632
363,710400,576000,0.500000,2.500000,0.473684,0.005556,26,3,0,254754.359375,-567.8566308243727
364,710400,576000,0.000000,3.500000,0.463918,0.000000,26,0,0,239563.9375,-552.9564772145417
365,1171200,576000,0.000000,1.666667,0.490463,0.000000,26,2,0,239191.984375,-552.9564772145417
366,710400,576000,0.000000,1.900000,0.467532,0.000000,26,3,0,257798.875,-572.0040962621607
367,1171200,672000,1.000000,2.500000,0.461538,0.000000,26,8,0,238444.328125,-552.9564772145417
368,1171200,576000,1.000000,nan,0.483871,0.000000,26,5,0,262499.125,-577.3804403481822
369,1171200,672000,0.333333,2.000000,0.490463,0.000000,26,8,0,256625.78125,-572.0040962621607
370,1171200,576000,0.500000,nan,0.476190,0.000000,26,2,0,261702.25,-577.3804403481822
371,1171200,576000,0.400000,2.583333,0.490463,0.000000,26,5,0,255832.453125,-572.0040962621607
372,1171200,576000,0.200000,2.166667,0.446650,0.000000,26,2,0,255432.421875,-572.0040962621607
373,1171200,672000,0.000000,2.166667,0.478723,0.005556,26,8,0,255030.328125,-572.0040962621607
374,710400,672000,0.500000,3.666667,0.485175,0.000000,26,6,0,260081.015625,-577.3804403481822
375,940800,576000,0.000000,0.500000,0.471204,0.016667,26,4,0,240620.484375,-558.3328213005632
376,1171200,672000,0.333333,2.166667,0.469974,0.000000,26,8,0,244307.015625,-562.4802867383512
377,710400,576000,0.000000,nan,0.460358,0.000000,26,3,0,258845.71875,-577.3804403481822
378,940800,576000,0.000000,1.833333,0.444444,0.016667,26,1,0,234194.59375,-552.9564772145417
379,1171200,576000,0.333333,4.000000,0.487805,0.000000,26,5,0,243099.578125,-562.4802867383512
380,710400,576000,0.000000,3.083333,0.446650,0.005556,26,3,0,252169.140625,-572.0040962621607
381,940800,672000,0.000000,nan,0.467532,0.005556,26,7,0,233002.921875,-552.9564772145417
382,940800,576000,0.000000,2.500000,0.456853,0.005556,26,4,0,247197.90625,-567.8566308243727
383,1171200,576000,0.000000,2.500000,0.485175,0.000000,25,5,0,241471.609375,-562.4802867383512
384,1171200,576000,0.333333,2.000000,0.487805,0.000000,25,2,0,250837.671875,-572.3374295954941
385,1171200,576000,0.000000,nan,0.474934,0.000000,25,2,0,250416.859375,-572.3374295954941
386,1171200,672000,0.500000,1.833333,0.299003,0.000000,25,8,0,249993.890625,-572.3374295954941
387,1171200,576000,0.000000,2.666667,0.486486,0.000000,25,2,0,254969.453125,-577.7137736815156
388,940800,576000,0.583333,2.933333,0.451128,0.011111,25,4,0,249141.296875,-572.3374295954941
389,710400,576000,0.200000,2.850000,0.402685,0.000000,25,3,0,239303.25,-562.8136200716846
390,710400,576000,0.333333,3.083333,0.490463,0.000000,25,3,0,229661.953125,-553.289810547875
391,940800,576000,0.250000,2.500000,0.490463,0.000000,25,4,0,229247.5,-553.289810547875
392,1171200,576000,0.333333,1.833333,0.486486,0.000000,26,5,0,238035.03125,-562.8136200716846
393,940800,672000,0.000000,1.833333,0.352250,0.000000,26,7,0,246654.84375,-572.0040962621607
394,940800,576000,0.833333,2.000000,0.489130,0.000000,26,4,0,242121.359375,-567.8566308243727
395,1171200,672000,0.000000,1.500000,0.489130,0.005556,26,8,0,236431.234375,-562.4802867383512
396,1171200,672000,0.000000,2.416667,0.485175,0.000000,26,8,0,250700.875,-577.3804403481822
397,710400,672000,0.250000,2.500000,0.486486,0.000000,26,6,0,250255.6875,-577.3804403481822
398,1171200,672000,0.000000,1.000000,0.485175,0.000000,26,8,0,231130.453125,-558.3328213005632
399,940800,672000,0.333333,3.166667,0.474934,0.000000,26,7,0,249359.421875,-577.3804403481822
400,710400,672000,0.000000,2.166667,0.482574,0.011111,26,6,0,239496.109375,-567.8566308243727
401,940800,576000,0.000000,nan,0.474934,0.005556,25,1,0,229829.890625,-558.3328213005632
402,940800,576000,0.500000,nan,0.486486,0.000000,25,1,0,233706.0625,-562.8136200716846
403,940800,576000,0.000000,1.166667,0.490463,0.005556,25,4,0,233264.796875,-562.8136200716846
404,1171200,576000,0.333333,2.166667,0.451128,0.005556,25,2,0,232822.328125,-562.8136200716846
405,940800,576000,0.000000,nan,0.451128,0.000000,25,1,0,241651.328125,-572.3374295954941
406,1171200,576000,0.000000,2.416667,0.474934,0.000000,25,2,0,231932.78125,-562.8136200716846
407,710400,576000,0.333333,3.050000,0.367886,0.005525,25,3,0,240740.859375,-572.3374295954941
408,1171200,672000,1.000000,3.166667,0.490463,0.005556,25,8,0,221971.90625,-553.289810547875
409,710400,576000,0.500000,3.333333,0.477454,0.005556,25,3,0,245119.265625,-577.7137736815156
410,1171200,672000,0.000000,nan,0.187500,0.000000,25,8,0,221088.390625,-553.289810547875
411,940800,672000,0.583333,2.600000,0.471204,0.011111,26,7,0,244186.84375,-577.7137736815156
412,710400,576000,1.000000,2.916667,0.410959,0.005556,26,3,0,234082.421875,-567.8566308243727
413,710400,576000,1.500000,nan,0.437956,0.000000,26,3,0,219439.265625,-552.9564772145417
414,940800,576000,0.666667,3.333333,0.445545,0.005556,26,1,0,218991.890625,-552.9564772145417
415,940800,672000,0.000000,2.916667,0.267062,0.044444,26,7,0,227539.390625,-562.4802867383512
416,1171200,672000,0.250000,3.750000,0.473684,0.000000,26,8,0,232234.109375,-567.8566308243727
417,940800,672000,0.000000,nan,0.169332,0.022222,26,7,0,241029.578125,-577.3804403481822
418,1171200,576000,0.666667,2.666667,0.355030,0.005556,26,5,0,231300.9375,-567.8566308243727
419,1171200,672000,0.000000,2.750000,0.447761,0.005556,26,8,0,234833.796875,-572.0040962621607
420,940800,672000,0.666667,3.416667,0.349515,0.038889,26,7,0,239592.328125,-577.3804403481822
421,1171200,576000,0.000000,nan,0.489130,0.000000,26,2,0,229885.25,-567.8566308243727
422,1171200,576000,0.400000,3.750000,0.206897,0.033333,26,2,0,233399.6875,-572.0040962621607
423,1171200,576000,0.000000,nan,0.487805,0.005556,26,2,0,232917.8125,-572.0040962621607
424,940800,576000,0.250000,2.650000,0.371901,0.022222,26,4,0,232434.125,-572.0040962621607
425,710400,576000,0.000000,2.500000,0.490463,0.000000,26,0,0,222865.734375,-562.4802867383512
426,1171200,672000,0.333333,3.500000,0.459184,0.000000,26,8,0,213497.15625,-552.9564772145417
427,1171200,576000,0.000000,3.500000,0.471204,0.000000,26,2,0,236172.453125,-577.3804403481822
428,940800,576000,0.250000,3.133333,0.468750,0.005556,26,1,0,230486.90625,-572.0040962621607
429,710400,672000,0.000000,2.666667,0.490463,0.000000,26,6,0,220951.984375,-562.4802867383512
430,710400,576000,0.333333,2.500000,0.478723,0.000000,26,3,0,216592.4375,-558.3328213005632
431,940800,576000,0.000000,3.333333,0.469974,0.000000,25,1,0,211144.453125,-552.9564772145417
432,1171200,672000,0.500000,1.500000,0.485175,0.000000,25,8,0,219817.609375,-562.8136200716846
433,1171200,672000,0.000000,3.000000,0.448878,0.005556,25,8,0,233512.0625,-577.7137736815156
434,940800,576000,0.250000,2.000000,0.461538,0.000000,25,4,0,233009.96875,-577.7137736815156
435,940800,576000,0.000000,2.250000,0.338983,0.016667,25,4,0,218357.875,-562.8136200716846
436,1171200,576000,0.333333,3.166667,0.237467,0.016667,25,2,0,217867.78125,-562.8136200716846
437,710400,576000,0.000000,3.500000,0.497238,0.000000,25,0,0,226348.171875,-572.3374295954941
438,940800,672000,0.250000,3.333333,0.466321,0.000000,25,7,0,208103.859375,-553.289810547875
439,710400,576000,1.000000,2.000000,0.477454,0.005556,25,0,0,221421.65625,-568.1899641577061
440,940800,576000,0.000000,2.416667,0.486486,0.000000,25,4,0,207136.59375,-553.289810547875
441,940800,672000,0.500000,1.833333,0.486486,0.000000,26,7,0,215401.703125,-562.8136200716846
442,1171200,576000,0.333333,2.166667,0.480000,0.000000,26,2,0,219607.109375,-567.8566308243727
443,1171200,576000,0.000000,nan,0.454545,0.000000,26,2,0,223004.203125,-572.0040962621607
444,940800,576000,0.333333,2.666667,0.461538,0.005556,26,4,0,222494.765625,-572.0040962621607
445,940800,576000,0.000000,2.166667,0.341556,0.000000,26,4,0,213099.71875,-562.4802867383512
446,940800,576000,0.000000,2.666667,0.460358,0.000000,26,4,0,212597.6875,-562.4802867383512
447,710400,576000,0.000000,2.583333,0.480000,0.000000,26,0,0,212094.6875,-562.4802867383512
448,940800,576000,1.666667,4.000000,0.469974,0.000000,26,1,0,202919.734375,-552.9564772145417
449,710400,576000,0.333333,nan,0.335821,0.000000,26,3,0,211086.765625,-562.4802867383512
450,710400,576000,0.000000,nan,0.483871,0.016667,26,3,0,201931.609375,-552.9564772145417
451,940800,672000,0.250000,1.666667,0.451128,0.011111,26,7,0,201436.875,-552.9564772145417
452,940800,576000,0.333333,3.166667,0.482574,0.005556,26,4,0,214522.46875,-567.8566308243727
453,1171200,672000,0.000000,1.666667,0.461538,0.005556,26,8,0,209063.78125,-562.4802867383512
454,1171200,576000,0.500000,nan,0.485175,0.000000,26,5,0,222386.328125,-577.3804403481822
455,710400,576000,0.000000,1.500000,0.444444,0.000000,26,0,0,216822.359375,-572.0040962621607
456,710400,576000,0.000000,nan,0.476190,0.005556,26,3,0,198943.609375,-552.9564772145417
457,710400,672000,0.333333,2.833333,0.473684,0.000000,26,6,0,198440.796875,-552.9564772145417
458,1171200,576000,0.000000,2.500000,0.221130,0.033333,26,2,0,202750.78125,-558.3328213005632
459,940800,576000,0.250000,3.083333,0.487805,0.000000,26,1,0,214724.34375,-572.0040962621607
460,940800,576000,0.000000,3.250000,0.441176,0.005556,26,1,0,205472.078125,-562.4802867383512
461,940800,576000,1.250000,3.166667,0.444444,0.000000,26,1,0,204954.296875,-562.4802867383512
462,1171200,576000,0.666667,2.066667,0.486486,0.000000,26,5,0,204435.421875,-562.4802867383512
463,710400,576000,0.000000,nan,0.461538,0.000000,26,0,0,212607.421875,-572.0040962621607
464,710400,576000,0.000000,2.000000,0.489130,0.011111,26,0,0,194893.578125,-552.9564772145417
465,1171200,576000,0.000000,nan,0.490463,0.005556,26,5,0,194382.46875,-552.9564772145417
466,940800,576000,0.500000,2.716667,0.363636,0.033333,26,1,0,211007.78125,-572.0040962621607
467,940800,576000,0.166667,3.833333,0.099283,0.050000,26,1,0,201824.390625,-562.4802867383512
468,1171200,576000,0.583333,3.000000,0.459184,0.005556,26,5,0,201298.78125,-562.4802867383512
469,1171200,576000,0.250000,2.850000,0.467532,0.000000,26,5,0,209397.625,-572.0040962621607
470,710400,672000,0.000000,1.166667,0.458015,0.000000,26,6,0,208857.5,-572.0040962621607
471,940800,672000,0.200000,1.333333,0.486486,0.000000,26,7,0,196022.625,-558.3328213005632
472,1171200,576000,0.533333,2.866667,0.136571,0.044444,26,5,0,204008.859375,-567.8566308243727
473,710400,672000,0.166667,2.535714,0.466321,0.000000,26,6,0,207228.4375,-572.0040962621607
474,710400,672000,0.000000,1.750000,0.204313,0.000000,26,6,0,194438.5625,-558.3328213005632
475,940800,576000,0.200000,1.166667,0.483871,0.005556,26,1,0,193908.421875,-558.3328213005632
476,940800,672000,0.200000,2.200000,0.471204,0.038889,26,7,0,197042.875,-562.4802867383512
477,940800,672000,0.200000,2.800000,0.429594,0.016667,26,7,0,201302.015625,-567.8566308243727
478,1171200,672000,0.500000,2.916667,0.478723,0.000000,26,8,0,200757.59375,-567.8566308243727
479,1171200,576000,0.000000,2.500000,0.459184,0.005556,26,5,0,208825.234375,-577.3804403481822
480,1171200,576000,0.142857,2.000000,0.452261,0.000000,26,2,0,203386.84375,-572.0040962621607
481,940800,576000,0.000000,1.833333,0.490463,0.000000,26,1,0,202831.484375,-572.0040962621607
482,940800,576000,0.166667,2.704762,0.490463,0.000000,26,1,0,193798.40625,-562.4802867383512
483,710400,576000,0.333333,2.916667,0.478723,0.000000,26,3,0,193252.640625,-562.4802867383512
484,940800,576000,0.333333,3.000000,0.441176,0.000000,26,4,0,184435.484375,-552.9564772145417
485,1171200,576000,0.333333,3.000000,0.486486,0.000000,26,2,0,192160.703125,-562.4802867383512
486,710400,576000,0.500000,3.166667,0.483871,0.011111,26,0,0,200042.9375,-572.0040962621607
487,1171200,672000,0.200000,1.500000,0.453401,0.000000,26,8,0,182830.984375,-552.9564772145417
488,710400,672000,0.450000,1.250000,0.178926,0.038889,26,6,0,203747.9375,-577.3804403481822
489,1171200,576000,0.200000,1.666667,0.486486,0.000000,26,5,0,186370.21875,-558.3328213005632
490,710400,576000,0.333333,2.766667,0.483871,0.005556,26,3,0,197798.796875,-572.0040962621607
491,940800,672000,0.366667,2.947619,0.314685,0.005556,26,7,0,180678.953125,-552.9564772145417
492,1171200,576000,0.666667,2.128571,0.454545,0.000000,25,2,0,193009.734375,-567.8566308243727
493,1171200,576000,0.166667,1.500000,0.477454,0.000000,25,2,0,196401.578125,-572.3374295954941
494,1171200,672000,0.000000,2.916667,0.443350,0.005556,25,8,0,195834.390625,-572.3374295954941
495,1171200,576000,0.142857,2.566667,0.459184,0.000000,25,5,0,200045.78125,-577.7137736815156
496,710400,576000,0.400000,2.633333,0.441176,0.005556,25,0,0,194694.0,-572.3374295954941
497,710400,576000,0.166667,1.950000,0.477454,0.000000,26,3,0,177699.453125,-553.289810547875
498,940800,672000,0.000000,1.700000,0.243902,0.016667,26,7,0,176871.796875,-552.9564772145417
499,710400,576000,0.200000,2.416667,0.485175,0.000000,26,3,0,189061.4375,-567.8566308243727
500,940800,576000,0.200000,2.750000,0.480000,0.000000,26,1,0,175778.90625,-552.9564772145417
501,940800,576000,0.250000,2.816667,0.477454,0.011111,26,4,0,183296.765625,-562.4802867383512
502,940800,576000,1.500000,3.000000,0.487805,0.000000,26,1,0,182737.46875,-562.4802867383512
503,940800,576000,0.250000,1.166667,0.345489,0.000000,25,1,0,182177.578125,-562.4802867383512
504,1171200,576000,0.000000,2.166667,0.448878,0.000000,25,5,0,181901.28125,-562.8136200716846
505,710400,576000,0.200000,2.750000,0.483871,0.005556,25,3,0,189541.640625,-572.3374295954941
506,940800,672000,0.200000,3.333333,0.490463,0.000000,25,7,0,172768.296875,-553.289810547875
507,1171200,576000,0.142857,3.404762,0.482574,0.005556,25,2,0,184807.046875,-568.1899641577061
508,940800,672000,0.000000,2.533333,0.481283,0.005556,26,7,0,187813.328125,-572.3374295954941
509,1171200,576000,0.166667,2.771429,0.152027,0.011111,26,5,0,183377.0,-567.8566308243727
510,1171200,576000,0.166667,3.547619,0.175097,0.005556,26,2,0,186366.921875,-572.0040962621607
511,710400,672000,0.166667,3.214286,0.460358,0.000000,26,6,0,185785.890625,-572.0040962621607
512,1171200,576000,0.000000,1.933333,0.476190,0.000000,26,2,0,173623.28125,-558.3328213005632
513,710400,672000,0.500000,1.683333,0.477454,0.011111,26,6,0,184621.125,-572.0040962621607
514,710400,672000,0.250000,1.333333,0.477454,0.005556,26,6,0,172494.40625,-558.3328213005632
515,710400,576000,0.250000,1.400000,0.465116,0.005556,26,0,0,171929.65625,-558.3328213005632
516,940800,672000,0.000000,2.666667,0.322581,0.000000,26,7,0,166942.921875,-552.9564772145417
517,940800,672000,0.250000,3.000000,0.478723,0.000000,26,7,0,178764.453125,-567.8566308243727
518,940800,576000,1.333333,3.266667,0.490463,0.000000,26,1,0,178186.765625,-567.8566308243727
519,940800,576000,1.000000,2.166667,0.310881,0.000000,26,4,0,173105.265625,-562.4802867383512
520,710400,672000,0.500000,nan,0.490463,0.000000,26,6,0,172533.5,-562.4802867383512
521,1171200,672000,0.500000,1.500000,0.486486,0.000000,26,8,0,168538.8125,-558.3328213005632
522,1171200,672000,0.000000,2.833333,0.490463,0.000000,26,8,0,183948.578125,-577.3804403481822
523,940800,576000,0.250000,2.516667,0.467532,0.005556,26,1,0,183353.578125,-577.3804403481822
524,940800,576000,0.250000,1.500000,0.462725,0.005556,26,1,0,170238.640625,-562.4802867383512
525,710400,672000,0.333333,3.066667,0.409091,0.005556,26,6,0,169662.0625,-562.4802867383512
526,940800,672000,0.000000,2.500000,0.443350,0.000000,26,7,0,165691.796875,-558.3328213005632
527,710400,576000,0.750000,2.083333,0.465116,0.000000,25,0,0,172952.21875,-567.8566308243727
528,940800,576000,0.400000,1.333333,0.474934,0.000000,25,4,0,160484.328125,-553.289810547875
529,940800,672000,0.000000,1.833333,0.485175,0.005556,25,7,0,167629.21875,-562.8136200716846
530,1171200,576000,0.000000,2.000000,0.448878,0.016667,25,2,0,171476.3125,-568.1899641577061
531,1171200,576000,0.000000,3.000000,0.486486,0.000000,25,2,0,174337.1875,-572.3374295954941
532,710400,672000,0.400000,2.000000,0.472441,0.000000,25,6,0,173744.40625,-572.3374295954941
533,940800,576000,0.200000,1.466667,0.226700,0.000000,26,4,0,161959.421875,-558.6661546338966
534,1171200,576000,0.250000,2.266667,0.482574,0.011111,26,2,0,164464.3125,-562.4802867383512
535,710400,576000,0.000000,1.750000,0.192926,0.044444,26,3,0,171686.359375,-572.0040962621607
536,710400,672000,0.250000,3.466667,0.478723,0.005556,26,6,0,155697.046875,-552.9564772145417
537,710400,672000,0.250000,2.383333,0.242261,0.022222,26,6,0,159395.109375,-558.3328213005632
538,710400,576000,0.250000,2.166667,0.480000,0.000000,25,3,0,158821.90625,-558.3328213005632
539,710400,576000,0.000000,3.000000,0.453401,0.000000,25,3,0,154262.265625,-553.289810547875
540,940800,576000,0.000000,1.500000,0.474934,0.011111,25,1,0,153697.78125,-553.289810547875
541,1171200,576000,0.500000,nan,0.453401,0.011111,25,2,0,160678.71875,-562.8136200716846
542,710400,672000,0.000000,2.500000,0.443350,0.011111,25,6,0,167813.125,-572.3374295954941
543,940800,576000,1.000000,3.000000,0.352250,0.022222,25,4,0,156225.578125,-558.6661546338966
544,1171200,672000,0.250000,3.250000,0.248276,0.011111,25,8,0,158942.03125,-562.8136200716846
545,1171200,672000,0.000000,3.000000,0.337079,0.038889,25,8,0,170443.34375,-577.7137736815156
546,710400,576000,0.000000,3.750000,0.474934,0.000000,25,3,0,169839.421875,-577.7137736815156
547,940800,576000,0.333333,2.333333,0.490463,0.005556,25,4,0,149734.65625,-553.289810547875
548,1171200,576000,0.000000,2.000000,0.474934,0.000000,25,5,0,156613.03125,-562.8136200716846
549,940800,576000,0.000000,3.000000,0.466321,0.005556,25,4,0,163644.796875,-572.3374295954941
550,1171200,576000,0.000000,3.416667,0.467532,0.000000,25,5,0,155445.90625,-562.8136200716846
551,710400,576000,0.000000,4.000000,0.476190,0.000000,26,3,0,162448.109375,-572.3374295954941
552,710400,576000,0.000000,2.000000,0.486486,0.000000,26,3,0,146630.046875,-552.9564772145417
553,710400,576000,0.000000,nan,0.481283,0.005556,26,0,0,146060.890625,-552.9564772145417
554,710400,576000,0.000000,nan,0.476190,0.000000,26,0,0,145493.1875,-552.9564772145417
555,1171200,576000,0.500000,2.500000,0.473684,0.005556,26,2,0,144926.78125,-552.9564772145417
556,1171200,576000,0.000000,3.000000,0.471204,0.016667,26,2,0,159198.6875,-572.0040962621607
557,1171200,672000,0.000000,2.666667,0.490463,0.000000,26,8,0,158603.453125,-572.0040962621607
558,710400,576000,0.333333,3.000000,0.346821,0.005556,26,3,0,162309.6875,-577.3804403481822
559,940800,576000,0.583333,3.066667,0.301003,0.038889,26,1,0,142656.234375,-552.9564772145417
560,1171200,576000,0.000000,2.833333,0.459184,0.000000,26,2,0,149358.140625,-562.4802867383512
561,1171200,576000,1.000000,nan,0.474934,0.000000,26,5,0,156212.8125,-572.0040962621607
562,940800,576000,0.666667,2.166667,0.459184,0.005556,25,4,0,155614.125,-572.0040962621607
563,940800,576000,0.000000,nan,0.485175,0.000000,25,1,0,147861.765625,-562.8136200716846
564,710400,576000,0.500000,3.166667,0.466321,0.011111,25,3,0,147276.203125,-562.8136200716846
565,710400,576000,1.000000,3.666667,0.480000,0.000000,25,0,0,139486.3125,-553.289810547875
566,940800,576000,1.000000,2.666667,0.356436,0.000000,25,4,0,138917.265625,-553.289810547875
567,1171200,576000,1.000000,3.000000,0.478723,0.000000,25,5,0,145525.28125,-562.8136200716846
568,710400,576000,0.000000,3.500000,0.458015,0.005556,25,0,0,152285.625,-572.3374295954941
569,940800,576000,0.333333,2.166667,0.489130,0.000000,25,1,0,137213.390625,-553.289810547875
570,940800,576000,0.000000,2.600000,0.362173,0.005556,25,4,0,143777.9375,-562.8136200716846
571,1171200,576000,0.333333,3.000000,0.462725,0.005556,25,2,0,143196.09375,-562.8136200716846
572,1171200,672000,0.000000,3.000000,0.486486,0.000000,25,8,0,149898.234375,-572.3374295954941
573,710400,576000,0.500000,3.166667,0.480000,0.000000,25,3,0,153484.078125,-577.7137736815156
574,1171200,576000,0.000000,3.000000,0.489130,0.000000,25,5,0,134373.125,-553.289810547875
575,710400,576000,0.000000,3.500000,0.502793,0.005556,26,0,0,148102.453125,-572.3374295954941
576,710400,672000,0.500000,2.166667,0.469974,0.005556,26,6,0,132991.984375,-552.9564772145417
577,710400,576000,0.000000,1.333333,0.490463,0.005556,26,3,0,136366.765625,-558.3328213005632
578,1171200,576000,0.000000,3.166667,0.482574,0.000000,26,2,0,131858.859375,-552.9564772145417
579,1171200,672000,0.000000,nan,0.350195,0.011111,26,8,0,145460.90625,-572.0040962621607
580,1171200,576000,0.000000,nan,0.486486,0.000000,26,5,0,148987.0,-577.3804403481822
581,1171200,576000,0.833333,2.833333,0.485175,0.000000,26,5,0,144268.078125,-572.0040962621607
582,1171200,672000,0.000000,1.500000,0.483871,0.005556,26,8,0,143669.6875,-572.0040962621607
583,710400,576000,0.000000,3.333333,0.471204,0.000000,26,0,0,147166.5,-577.3804403481822
584,940800,576000,0.000000,nan,0.490463,0.000000,26,4,0,128453.3984375,-552.9564772145417
585,710400,672000,0.000000,3.000000,0.485175,0.000000,26,6,0,134787.640625,-562.4802867383512
586,710400,672000,0.000000,nan,0.382166,0.000000,26,6,0,131183.671875,-558.3328213005632
587,1171200,576000,0.000000,2.500000,0.359281,0.005556,26,5,0,130609.2734375,-558.3328213005632
588,1171200,576000,0.000000,3.000000,0.461538,0.005556,26,2,0,140082.875,-572.0040962621607
589,1171200,576000,0.333333,nan,0.476190,0.000000,26,5,0,139487.0625,-572.0040962621607
590,1171200,672000,0.000000,nan,0.480000,0.000000,26,8,0,138890.46875,-572.0040962621607
591,710400,576000,0.500000,2.666667,0.478723,0.000000,26,0,0,142320.734375,-577.3804403481822
592,1171200,576000,0.000000,1.500000,0.486486,0.000000,26,5,0,123921.234375,-552.9564772145417
593,710400,576000,0.500000,3.000000,0.480000,0.005556,26,3,0,137098.4375,-572.0040962621607
594,710400,672000,0.000000,3.000000,0.490463,0.005556,26,6,0,122789.890625,-552.9564772145417
595,1171200,576000,0.000000,2.000000,0.466321,0.005556,26,5,0,126014.6015625,-558.3328213005632
596,710400,672000,0.333333,3.166667,0.368852,0.027778,26,6,0,135315.125,-572.0040962621607
597,1171200,576000,0.000000,2.666667,0.469974,0.005556,26,5,0,124872.765625,-558.3328213005632
598,1171200,576000,0.333333,3.000000,0.468750,0.005556,26,2,0,134129.9375,-572.0040962621607
599,1171200,672000,0.000000,4.000000,0.446650,0.005556,26,8,0,133537.359375,-572.0040962621607
600,1171200,576000,0.333333,3.166667,0.483871,0.000000,26,5,0,136893.671875,-577.3804403481822
601,710400,576000,0.000000,3.166667,0.480000,0.000000,26,3,0,132349.625,-572.0040962621607
602,1171200,672000,0.000000,nan,0.381356,0.000000,26,8,0,118289.8125,-552.9564772145417
603,1171200,576000,0.000000,2.666667,0.489130,0.000000,26,2,0,135086.0,-577.3804403481822
604,710400,576000,0.000000,nan,0.377358,0.016667,26,0,0,130569.6171875,-572.0040962621607
605,940800,576000,0.000000,3.000000,0.478723,0.000000,26,1,0,116604.828125,-552.9564772145417
606,940800,576000,0.500000,3.000000,0.483871,0.005556,26,1,0,122624.890625,-562.4802867383512
607,940800,672000,0.000000,nan,0.490463,0.000000,26,7,0,122051.1640625,-562.4802867383512
608,710400,672000,0.000000,3.000000,0.418605,0.005556,26,6,0,125255.203125,-567.8566308243727
609,1171200,576000,0.333333,2.833333,0.481283,0.000000,26,2,0,118039.1328125,-558.3328213005632
610,1171200,672000,0.500000,4.000000,0.489130,0.000000,26,8,0,127033.8515625,-572.0040962621607
611,710400,576000,0.000000,2.500000,0.462725,0.011111,26,0,0,130299.625,-577.3804403481822
612,940800,672000,0.333333,2.666667,0.480000,0.005556,26,7,0,112707.078125,-552.9564772145417
613,1171200,576000,0.000000,2.833333,0.489130,0.000000,26,2,0,122355.359375,-567.8566308243727
614,710400,576000,0.000000,2.500000,0.437956,0.000000,26,3,0,124689.2890625,-572.0040962621607
615,710400,672000,0.000000,3.000000,0.467532,0.000000,26,6,0,111046.5546875,-552.9564772145417
616,710400,576000,0.000000,2.166667,0.478723,0.005556,26,0,0,114099.0,-558.3328213005632
617,940800,672000,0.333333,2.166667,0.465116,0.005556,26,7,0,109946.8046875,-552.9564772145417
618,940800,576000,0.333333,nan,0.462725,0.000000,26,4,0,119478.984375,-567.8566308243727
619,940800,576000,1.500000,2.500000,0.485175,0.000000,26,1,0,115228.8828125,-562.4802867383512
620,710400,576000,0.000000,1.666667,0.480000,0.000000,26,0,0,114667.59375,-562.4802867383512
621,1171200,576000,0.500000,nan,0.453401,0.000000,26,5,0,107763.6484375,-552.9564772145417
622,940800,672000,0.333333,nan,0.189873,0.022222,26,7,0,120058.3984375,-572.0040962621607
623,1171200,672000,0.000000,2.333333,0.474934,0.011111,26,8,0,116633.8359375,-567.8566308243727
624,1171200,672000,0.500000,nan,0.485175,0.000000,26,8,0,122646.140625,-577.3804403481822
625,710400,672000,1.333333,2.500000,0.227848,0.044444,26,6,0,122061.2265625,-577.3804403481822
626,940800,672000,1.166667,4.000000,0.250000,0.044444,26,7,0,108560.3984375,-558.3328213005632
627,1171200,576000,0.500000,3.500000,0.473684,0.000000,26,5,0,114358.9375,-567.8566308243727
628,710400,576000,1.333333,2.500000,0.474934,0.005556,26,0,0,116606.703125,-572.0040962621607
629,1171200,672000,1.000000,3.666667,0.485175,0.000000,26,8,0,103418.21875,-552.9564772145417
630,710400,576000,0.833333,2.166667,0.336449,0.005556,26,0,0,119142.9453125,-577.3804403481822
631,710400,576000,0.333333,2.666667,0.476190,0.000000,26,0,0,102337.9375,-552.9564772145417
632,1171200,672000,0.000000,nan,0.478723,0.005556,26,8,0,101800.296875,-552.9564772145417
633,940800,576000,0.500000,nan,0.487805,0.000000,26,1,0,117406.484375,-577.3804403481822
634,710400,576000,0.333333,3.333333,0.462725,0.000000,26,0,0,106865.421875,-562.4802867383512
635,940800,576000,0.200000,3.800000,0.327869,0.027778,26,1,0,100194.734375,-552.9564772145417
636,710400,576000,0.000000,3.500000,0.480000,0.000000,26,3,0,105766.796875,-562.4802867383512
637,710400,672000,0.200000,3.233333,0.476190,0.005556,26,6,0,99132.15625,-552.9564772145417
638,710400,672000,0.250000,1.250000,0.486486,0.000000,26,6,0,102009.4921875,-558.3328213005632
639,1171200,672000,0.250000,1.416667,0.481283,0.005556,26,8,0,101474.015625,-558.3328213005632
640,1171200,672000,0.450000,1.733333,0.490463,0.000000,26,8,0,113406.15625,-577.3804403481822
641,710400,576000,0.000000,2.333333,0.383795,0.027778,26,0,0,112838.625,-577.3804403481822
642,1171200,672000,0.200000,2.980952,0.461538,0.011111,26,8,0,96498.8671875,-552.9564772145417
643,1171200,672000,0.000000,1.416667,0.478723,0.000000,26,8,0,111703.640625,-577.3804403481822
644,710400,576000,0.250000,1.933333,0.483871,0.005556,26,3,0,111136.2890625,-577.3804403481822
645,710400,576000,0.333333,2.000000,0.432692,0.000000,26,0,0,94921.5703125,-552.9564772145417
646,1171200,576000,0.309524,2.871429,0.486486,0.000000,26,2,0,94397.984375,-552.9564772145417
647,1171200,672000,0.166667,3.214286,0.129218,0.005556,26,8,0,105912.3046875,-572.0040962621607
648,1171200,576000,0.333333,2.009524,0.420561,0.000000,26,2,0,108878.1640625,-577.3804403481822
649,940800,672000,0.166667,2.050000,0.476190,0.000000,26,7,0,104804.59375,-572.0040962621607
650,1171200,576000,0.583333,1.733333,0.360000,0.005556,26,2,0,101589.1875,-567.8566308243727
651,710400,576000,0.333333,2.883333,0.489130,0.000000,26,0,0,103696.734375,-572.0040962621607
652,1171200,672000,0.000000,2.500000,0.474934,0.000000,26,8,0,91271.625,-552.9564772145417
653,940800,576000,0.200000,2.900000,0.456853,0.011111,26,1,0,106066.6640625,-577.3804403481822
654,710400,576000,0.500000,3.166667,0.486486,0.000000,26,0,0,96049.109375,-562.4802867383512
655,1171200,576000,0.000000,1.000000,0.480000,0.000000,26,5,0,89720.671875,-552.9564772145417
656,940800,672000,0.000000,2.750000,0.352250,0.000000,26,7,0,100949.0078125,-572.0040962621607
657,710400,576000,0.000000,nan,0.473684,0.000000,26,3,0,97792.5234375,-567.8566308243727
658,710400,672000,0.200000,2.011905,0.471204,0.000000,26,6,0,88183.734375,-552.9564772145417
659,1171200,576000,0.000000,2.266667,0.465116,0.005556,26,2,0,90888.078125,-558.3328213005632
660,940800,576000,0.914286,3.033333,0.306644,0.011111,26,1,0,98779.3046875,-572.0040962621607
661,710400,576000,0.250000,2.366667,0.462725,0.000000,26,0,0,92360.8671875,-562.4802867383512
662,1171200,672000,0.500000,1.416667,0.235911,0.005556,26,8,0,86158.140625,-552.9564772145417
663,710400,576000,0.200000,1.266667,0.443350,0.000000,26,3,0,100549.5078125,-577.3804403481822
664,710400,672000,0.333333,1.800000,0.471204,0.016667,26,6,0,85154.0390625,-552.9564772145417
665,1171200,576000,0.333333,2.671429,0.489130,0.000000,26,5,0,87812.0546875,-558.3328213005632
666,1171200,672000,0.200000,2.333333,0.458015,0.005556,26,8,0,95571.4765625,-572.0040962621607
667,940800,576000,0.250000,1.833333,0.443350,0.000000,25,4,0,98385.1640625,-577.3804403481822
668,1171200,672000,0.250000,1.733333,0.448878,0.011111,25,8,0,88943.8515625,-562.8136200716846
669,1171200,576000,0.166667,2.000000,0.483871,0.011111,25,5,0,97514.015625,-577.7137736815156
670,710400,672000,0.485714,2.750000,0.465116,0.000000,25,6,0,93654.25,-572.3374295954941
671,710400,576000,0.400000,2.616667,0.466321,0.000000,25,0,0,84966.6484375,-558.6661546338966
672,710400,576000,0.500000,2.083333,0.477454,0.000000,25,0,0,81366.3984375,-553.289810547875
673,940800,576000,0.200000,1.900000,0.441176,0.000000,26,1,0,80874.90625,-553.289810547875
674,710400,672000,0.000000,1.583333,0.315789,0.005556,26,6,0,85682.53125,-562.4802867383512
675,940800,672000,0.533333,2.080952,0.363636,0.005556,26,7,0,82776.265625,-558.3328213005632
676,710400,672000,0.166667,2.350000,0.455696,0.000000,26,6,0,87837.546875,-567.8566308243727
677,940800,672000,0.333333,2.266667,0.450000,0.000000,26,7,0,81790.359375,-558.3328213005632
678,710400,576000,0.200000,0.666667,0.472441,0.011111,26,3,0,86821.65625,-567.8566308243727
679,1171200,672000,0.200000,1.761905,0.490463,0.005556,26,8,0,77782.2265625,-552.9564772145417
680,940800,576000,0.200000,3.166667,0.474934,0.005556,26,4,0,91482.671875,-577.3804403481822
681,710400,672000,0.166667,2.692857,0.478723,0.005556,26,6,0,82196.265625,-562.4802867383512
682,940800,672000,0.166667,2.004762,0.477454,0.005556,25,7,0,79349.0859375,-558.3328213005632
683,1171200,576000,0.166667,1.566667,0.482574,0.005556,25,2,0,84498.65625,-568.1899641577061
684,940800,672000,0.250000,3.016667,0.451128,0.005556,25,7,0,86419.578125,-572.3374295954941
685,940800,576000,0.400000,2.333333,0.299003,0.000000,25,1,0,83497.9453125,-568.1899641577061
686,940800,576000,1.000000,2.583333,0.394737,0.005556,25,1,0,79929.515625,-562.8136200716846
687,710400,576000,0.166667,2.133333,0.490463,0.005556,26,3,0,79441.078125,-562.8136200716846
688,710400,672000,0.250000,1.500000,0.455696,0.005556,26,6,0,73512.125,-552.9564772145417
689,940800,672000,0.000000,2.000000,0.463918,0.011111,26,7,0,75980.8515625,-558.3328213005632
690,940800,576000,0.500000,2.866667,0.490463,0.000000,26,1,0,80832.3125,-567.8566308243727
691,710400,576000,0.333333,3.083333,0.466321,0.000000,26,3,0,77324.3359375,-562.4802867383512
692,940800,576000,0.200000,2.596429,0.473684,0.033333,26,1,0,71656.6484375,-552.9564772145417
693,940800,576000,0.200000,1.666667,0.473684,0.005556,26,1,0,76371.1953125,-562.4802867383512
694,1171200,576000,0.250000,1.666667,0.454545,0.011111,26,5,0,75897.6640625,-562.4802867383512
695,940800,576000,0.200000,2.066667,0.478723,0.000000,26,4,0,80747.4296875,-572.0040962621607
696,940800,576000,0.660714,2.904762,0.483871,0.005556,26,1,0,74953.3359375,-562.4802867383512
697,710400,576000,0.142857,3.107143,0.486486,0.000000,26,0,0,74482.765625,-562.4802867383512
698,940800,576000,0.250000,3.000000,0.460358,0.000000,26,4,0,68922.53125,-552.9564772145417
699,1171200,672000,0.142857,2.671429,0.472441,0.000000,26,8,0,73548.0859375,-562.4802867383512
700,940800,576000,0.000000,3.255952,0.471204,0.005556,26,1,0,81362.0234375,-577.3804403481822
701,710400,576000,0.428571,2.990476,0.467532,0.005556,26,3,0,72618.4765625,-562.4802867383512
702,1171200,576000,0.000000,3.466667,0.483871,0.005556,26,5,0,67129.140625,-552.9564772145417
703,1171200,672000,0.333333,2.500000,0.448878,0.005556,26,8,0,76885.53125,-572.0040962621607
704,1171200,672000,0.000000,2.500000,0.490463,0.000000,26,8,0,79410.046875,-577.3804403481822
705,1171200,672000,0.000000,1.833333,0.485175,0.000000,26,8,0,78923.2578125,-577.3804403481822
706,1171200,576000,0.000000,2.300000,0.461538,0.005556,26,2,0,78435.8046875,-577.3804403481822
707,1171200,672000,0.200000,2.750000,0.489130,0.005556,26,8,0,74974.875,-572.0040962621607
708,940800,576000,0.000000,2.816667,0.459184,0.000000,25,1,0,77461.0234375,-577.3804403481822
709,1171200,576000,0.000000,1.833333,0.480000,0.000000,25,5,0,69103.234375,-562.8136200716846
710,710400,672000,0.250000,0.900000,0.453401,0.005556,25,6,0,73725.5078125,-572.3374295954941
711,710400,576000,1.261905,2.466667,0.469974,0.005556,25,0,0,66037.515625,-558.6661546338966
712,1171200,576000,0.000000,2.833333,0.478723,0.011111,25,2,0,62865.078125,-553.289810547875
713,710400,576000,0.200000,1.733333,0.474934,0.005556,26,0,0,72312.2265625,-572.3374295954941
714,710400,576000,0.250000,1.133333,0.431655,0.000000,26,0,0,61831.43359375,-552.9564772145417
715,710400,576000,0.400000,1.416667,0.414747,0.016667,26,3,0,61402.27734375,-552.9564772145417
716,940800,576000,0.625000,2.980952,0.485175,0.000000,26,1,0,60976.6953125,-552.9564772145417
717,940800,672000,0.200000,2.654762,0.467532,0.000000,26,7,0,65332.45703125,-562.4802867383512
718,1171200,576000,0.250000,2.266667,0.459184,0.000000,25,5,0,67663.7578125,-567.8566308243727
719,710400,576000,0.250000,1.833333,0.483871,0.005556,25,0,0,69562.1171875,-572.3374295954941
720,710400,576000,0.000000,nan,0.440098,0.005556,25,3,0,59457.49609375,-553.289810547875
721,1171200,576000,0.200000,2.566667,0.476190,0.005556,25,2,0,59040.90234375,-553.289810547875
722,940800,576000,0.200000,2.847619,0.483871,0.005556,25,4,0,68214.4140625,-572.3374295954941
723,940800,576000,0.166667,2.800000,0.397351,0.011111,25,4,0,62900.6640625,-562.8136200716846
724,1171200,576000,0.166667,1.704762,0.348162,0.000000,26,2,0,62472.78125,-562.8136200716846
725,710400,672000,0.366667,1.383333,0.468750,0.005556,26,6,0,66709.6328125,-572.0040962621607
726,1171200,576000,0.200000,2.100000,0.433735,0.000000,26,5,0,59416.16015625,-558.3328213005632
727,710400,576000,0.166667,2.771429,0.474934,0.005556,26,0,0,65828.921875,-572.0040962621607
728,1171200,672000,0.200000,1.885714,0.234070,0.011111,25,8,0,56011.39453125,-552.9564772145417
729,1171200,576000,0.000000,1.400000,0.240642,0.044444,25,2,0,67897.90625,-577.7137736815156
730,710400,576000,0.200000,2.050000,0.246238,0.005556,25,3,0,64688.4296875,-572.3374295954941
731,1171200,576000,0.000000,2.600000,0.483871,0.005556,25,5,0,54958.75390625,-553.289810547875
732,710400,576000,0.333333,2.766667,0.477454,0.000000,25,3,0,63819.9765625,-572.3374295954941
733,710400,576000,0.200000,1.433333,0.476190,0.011111,26,3,0,54159.578125,-553.289810547875
734,940800,576000,0.000000,0.833333,0.290323,0.027778,26,4,0,53609.3046875,-552.9564772145417
735,940800,576000,0.833333,2.583333,0.352250,0.000000,26,1,0,57702.21875,-562.4802867383512
736,1171200,672000,0.833333,2.695238,0.447761,0.005556,26,8,0,57295.93359375,-562.4802867383512
737,710400,576000,0.800000,1.916667,0.467532,0.000000,26,0,0,64221.34765625,-577.3804403481822
738,940800,672000,1.000000,3.333333,0.458015,0.005556,26,7,0,52049.88671875,-552.9564772145417
739,1171200,672000,0.833333,3.500000,0.327869,0.000000,26,8,0,58659.8984375,-567.8566308243727
740,940800,576000,0.000000,nan,0.478723,0.000000,26,4,0,62937.8828125,-577.3804403481822
741,940800,576000,0.500000,3.000000,0.393013,0.005556,26,4,0,55282.53125,-562.4802867383512
742,1171200,576000,0.000000,3.500000,0.489130,0.000000,26,2,0,54883.4296875,-562.4802867383512
743,940800,672000,0.000000,2.750000,0.473684,0.005556,26,7,0,59023.2421875,-572.0040962621607
744,940800,672000,0.200000,2.966667,0.350877,0.038889,26,7,0,56619.52734375,-567.8566308243727
745,710400,576000,0.250000,3.500000,0.483871,0.005556,26,0,0,56215.18359375,-567.8566308243727
746,710400,672000,0.333333,2.500000,0.272315,0.005556,26,6,0,48994.02734375,-552.9564772145417
747,940800,576000,0.200000,2.166667,0.346154,0.000000,26,1,0,51020.0,-558.3328213005632
748,1171200,672000,0.000000,1.666667,0.490463,0.005556,26,8,0,52523.5546875,-562.4802867383512
749,1171200,576000,0.200000,1.150000,0.448878,0.000000,26,5,0,59164.7890625,-577.3804403481822
750,940800,576000,0.000000,nan,0.410959,0.000000,26,4,0,56176.34765625,-572.0040962621607
751,940800,576000,0.200000,2.816667,0.480000,0.005556,26,1,0,51367.328125,-562.4802867383512
752,940800,672000,0.000000,3.166667,0.474934,0.005556,26,7,0,50984.51953125,-562.4802867383512
753,940800,576000,0.000000,2.833333,0.472441,0.000000,26,4,0,53051.6484375,-567.8566308243727
754,710400,672000,0.000000,2.666667,0.276498,0.000000,26,6,0,50224.62890625,-562.4802867383512
755,710400,576000,0.000000,1.833333,0.469974,0.000000,26,0,0,48012.86328125,-558.3328213005632
756,710400,576000,0.333333,3.000000,0.444444,0.000000,26,3,0,45327.47265625,-552.9564772145417
757,940800,576000,0.000000,3.250000,0.481283,0.005556,26,4,0,44972.80859375,-552.9564772145417
758,1171200,576000,0.000000,4.000000,0.436893,0.000000,26,2,0,48735.73828125,-562.4802867383512
759,710400,576000,0.600000,2.800000,0.485175,0.005556,26,0,0,52650.1796875,-572.0040962621607
760,710400,576000,0.500000,3.250000,0.481283,0.005556,26,3,0,43922.390625,-552.9564772145417
761,710400,576000,0.333333,2.333333,0.337711,0.011111,26,3,0,43576.28125,-552.9564772145417
762,940800,672000,0.000000,3.166667,0.455696,0.011111,26,7,0,43233.3203125,-552.9564772145417
763,940800,672000,0.500000,nan,0.483871,0.005556,26,7,0,49287.2265625,-567.8566308243727
764,710400,672000,0.000000,2.000000,0.463918,0.011111,26,6,0,48923.3984375,-567.8566308243727
765,710400,576000,0.000000,2.500000,0.459184,0.011111,26,0,0,44453.50390625,-558.3328213005632
766,940800,672000,0.666667,1.166667,0.485175,0.000000,25,7,0,41878.87109375,-552.9564772145417
767,1171200,576000,0.000000,2.000000,0.461538,0.000000,25,5,0,47987.55078125,-568.1899641577061
768,710400,576000,0.500000,3.666667,0.490463,0.005556,25,3,0,49457.29296875,-572.3374295954941
769,710400,576000,0.333333,1.166667,0.471204,0.005556,25,3,0,41014.81640625,-553.289810547875
770,710400,672000,0.000000,nan,0.477454,0.005556,25,6,0,40684.65625,-553.289810547875
771,940800,576000,0.250000,2.833333,0.486486,0.000000,25,4,0,42546.4765625,-558.6661546338966
772,710400,576000,0.000000,2.500000,0.445545,0.000000,25,0,0,43934.04296875,-562.8136200716846
773,940800,672000,0.250000,2.416667,0.197585,0.000000,25,7,0,39708.4921875,-553.289810547875
774,710400,576000,0.333333,3.333333,0.461538,0.005556,25,3,0,45523.78515625,-568.1899641577061
775,1171200,576000,0.000000,2.500000,0.485175,0.000000,25,2,0,39067.02734375,-553.289810547875
776,710400,576000,0.333333,1.666667,0.472441,0.000000,26,3,0,46611.21484375,-572.3374295954941
777,1171200,576000,1.500000,1.833333,0.483871,0.000000,26,2,0,38301.0625,-552.9564772145417
778,940800,672000,0.000000,3.000000,0.486486,0.000000,26,7,0,45774.42578125,-572.0040962621607
779,940800,576000,0.400000,2.633333,0.469974,0.005556,26,4,0,43678.6015625,-567.8566308243727
780,940800,672000,0.000000,2.333333,0.487805,0.022222,26,7,0,41131.375,-562.4802867383512
781,1171200,576000,1.333333,4.000000,0.480000,0.000000,26,2,0,43005.1484375,-567.8566308243727
782,1171200,576000,0.450000,3.500000,0.469974,0.011111,26,2,0,44400.80859375,-572.0040962621607
783,1171200,576000,0.333333,2.333333,0.446650,0.005556,25,2,0,44059.390625,-572.0040962621607
784,940800,576000,0.200000,3.800000,0.467532,0.005556,25,4,0,43857.85546875,-572.3374295954941
785,940800,576000,0.400000,3.416667,0.490463,0.000000,25,1,0,39634.09375,-562.8136200716846
786,940800,576000,0.366667,3.416667,0.436893,0.011111,25,4,0,39310.80859375,-562.8136200716846
787,940800,576000,0.400000,3.416667,0.418605,0.005556,25,1,0,38989.62890625,-562.8136200716846
788,710400,576000,0.200000,1.916667,0.477454,0.005556,26,0,0,38670.53515625,-562.8136200716846
789,1171200,576000,0.250000,1.000000,0.448878,0.011111,26,5,0,34589.80078125,-552.9564772145417
790,710400,576000,0.200000,1.783333,0.474934,0.005556,26,0,0,41709.4375,-572.0040962621607
791,1171200,576000,0.000000,3.142857,0.490463,0.000000,26,5,0,33994.859375,-552.9564772145417
792,710400,576000,0.142857,2.714286,0.452261,0.000000,26,3,0,41057.23828125,-572.0040962621607
793,710400,576000,0.200000,1.166667,0.490463,0.000000,26,3,0,33407.51171875,-552.9564772145417
794,940800,672000,0.000000,1.566667,0.490463,0.000000,26,7,0,33117.4140625,-552.9564772145417
795,940800,672000,0.333333,1.833333,0.485175,0.000000,26,7,0,38452.00390625,-567.8566308243727
796,940800,672000,0.000000,2.250000,0.268256,0.000000,26,7,0,38142.25390625,-567.8566308243727
797,710400,672000,0.000000,2.666667,0.473684,0.005556,26,6,0,37833.45703125,-567.8566308243727
798,710400,576000,0.250000,2.400000,0.490463,0.000000,26,3,0,33926.49609375,-558.3328213005632
799,1171200,576000,0.400000,1.000000,0.480000,0.000000,26,5,0,31693.083984375,-552.9564772145417
800,1171200,672000,0.800000,2.233333,0.465116,0.005556,26,8,0,38529.30078125,-572.0040962621607
801,710400,576000,0.000000,1.333333,0.490463,0.000000,26,0,0,40352.0390625,-577.3804403481822
802,710400,672000,0.000000,2.950000,0.290792,0.038889,26,6,0,30857.369140625,-552.9564772145417
803,940800,576000,0.366667,2.183333,0.382979,0.027778,26,1,0,32491.283203125,-558.3328213005632
804,1171200,576000,0.166667,1.995238,0.478723,0.005556,25,5,0,33715.796875,-562.4802867383512
805,1171200,672000,0.000000,1.483333,0.474934,0.000000,25,8,0,37131.33203125,-572.3374295954941
806,710400,672000,0.400000,2.538095,0.215827,0.000000,25,6,0,38922.48046875,-577.7137736815156
807,1171200,576000,0.800000,2.533333,0.474934,0.000000,25,2,0,31489.39453125,-558.6661546338966
808,940800,672000,0.450000,2.233333,0.486486,0.000000,25,7,0,36229.30078125,-572.3374295954941
809,1171200,672000,0.200000,2.366667,0.490463,0.000000,26,8,0,34375.71484375,-568.1899641577061
810,940800,576000,0.250000,1.766667,0.251748,0.000000,26,4,0,37563.01171875,-577.3804403481822
811,1171200,672000,0.200000,1.666667,0.392157,0.000000,26,8,0,31727.7109375,-562.4802867383512
812,1171200,576000,0.000000,2.966667,0.466321,0.005556,26,5,0,36955.0625,-577.3804403481822
813,710400,576000,0.166667,2.764286,0.354331,0.000000,26,3,0,34622.63671875,-572.0040962621607
814,1171200,576000,0.000000,2.500000,0.452261,0.011111,26,5,0,27633.876953125,-552.9564772145417
815,940800,576000,0.000000,2.833333,0.459184,0.000000,25,4,0,34040.28515625,-572.0040962621607
816,710400,672000,0.500000,nan,0.490463,0.005556,25,6,0,30459.6015625,-562.8136200716846
817,710400,576000,0.000000,nan,0.456853,0.000000,25,3,0,28764.068359375,-558.6661546338966
818,710400,576000,0.000000,3.333333,0.461538,0.016667,25,0,0,26715.41796875,-553.289810547875
819,1171200,672000,0.000000,0.500000,0.489130,0.000000,25,8,0,26464.908203125,-553.289810547875
820,1171200,672000,0.500000,3.166667,0.489130,0.000000,25,8,0,34723.50390625,-577.7137736815156
821,940800,672000,0.000000,3.500000,0.480000,0.000000,25,7,0,34438.42578125,-577.7137736815156
822,940800,576000,0.916667,2.333333,0.474934,0.005556,25,1,0,30723.666015625,-568.1899641577061
823,940800,576000,1.000000,2.500000,0.463918,0.000000,25,1,0,28606.826171875,-562.8136200716846
824,710400,576000,1.333333,3.666667,0.483871,0.005556,25,0,0,28348.0234375,-562.8136200716846
825,940800,576000,1.250000,2.583333,0.466321,0.005556,26,4,0,24989.591796875,-553.289810547875
826,710400,672000,0.000000,0.500000,0.421546,0.000000,26,6,0,27727.015625,-562.4802867383512
827,940800,576000,0.000000,1.833333,0.486486,0.000000,26,4,0,26118.478515625,-558.3328213005632
828,1171200,576000,0.250000,2.000000,0.458015,0.005556,26,2,0,27227.970703125,-562.4802867383512
829,710400,672000,0.000000,3.166667,0.490463,0.000000,26,6,0,30200.97265625,-572.0040962621607
830,710400,576000,1.000000,2.000000,0.480000,0.005556,26,3,0,25396.36328125,-558.3328213005632
831,710400,576000,1.000000,3.000000,0.205479,0.000000,26,3,0,23482.353515625,-552.9564772145417
832,710400,672000,0.666667,3.750000,0.489130,0.000000,26,6,0,23256.0546875,-552.9564772145417
833,1171200,576000,0.000000,2.666667,0.345489,0.011111,26,2,0,24693.435546875,-558.3328213005632
834,940800,672000,0.500000,nan,0.451128,0.005556,26,7,0,28927.73046875,-572.0040962621607
835,710400,576000,0.000000,2.666667,0.467532,0.005556,26,0,0,27290.984375,-567.8566308243727
836,940800,672000,0.000000,1.000000,0.487805,0.005556,26,7,0,22369.58984375,-552.9564772145417
837,940800,576000,0.000000,2.750000,0.472441,0.000000,25,1,0,26809.435546875,-567.8566308243727
838,940800,672000,0.000000,0.500000,0.430622,0.000000,25,7,0,24952.294921875,-562.8136200716846
839,1171200,672000,0.000000,2.666667,0.478723,0.005556,25,8,0,26442.333984375,-568.1899641577061
840,710400,576000,0.000000,1.833333,0.489130,0.000000,25,3,0,29379.841796875,-577.7137736815156
841,1171200,576000,0.400000,3.266667,0.478723,0.016667,25,2,0,21388.322265625,-553.289810547875
842,1171200,576000,0.285714,2.278571,0.481283,0.005556,25,2,0,27082.533203125,-572.3374295954941
843,710400,576000,0.250000,3.016667,0.458015,0.000000,25,0,0,26842.955078125,-572.3374295954941
844,710400,576000,0.250000,1.333333,0.350877,0.000000,26,3,0,20753.009765625,-553.289810547875
845,1171200,576000,0.000000,1.800000,0.489130,0.000000,26,5,0,20449.349609375,-552.9564772145417
846,710400,576000,0.333333,2.150000,0.490463,0.000000,26,3,0,26027.689453125,-572.0040962621607
847,940800,576000,1.166667,3.183333,0.487805,0.000000,26,1,0,20040.11328125,-552.9564772145417
848,1171200,576000,0.500000,2.266667,0.340909,0.000000,26,5,0,22612.107421875,-562.4802867383512
849,710400,576000,0.200000,1.533333,0.476190,0.005556,26,0,0,25339.892578125,-572.0040962621607
850,710400,576000,0.000000,2.000000,0.490463,0.000000,26,3,0,19438.833984375,-552.9564772145417
851,940800,576000,0.200000,1.933333,0.482574,0.005556,26,4,0,19241.951171875,-552.9564772145417
852,1171200,672000,0.166667,3.085714,0.473684,0.005556,26,8,0,21767.341796875,-562.4802867383512
853,940800,576000,0.250000,2.583333,0.490463,0.000000,26,4,0,26158.984375,-577.3804403481822
854,710400,576000,0.333333,nan,0.480000,0.000000,26,0,0,21354.40625,-562.4802867383512
855,1171200,576000,0.333333,2.333333,0.462725,0.005556,26,2,0,18469.89453125,-552.9564772145417
856,940800,576000,0.333333,1.500000,0.467532,0.005556,26,1,0,23794.41796875,-572.0040962621607
857,1171200,576000,0.333333,0.500000,0.490463,0.000000,26,5,0,20744.81640625,-562.4802867383512
858,710400,576000,0.200000,2.083333,0.476190,0.000000,26,3,0,23365.12109375,-572.0040962621607
859,940800,576000,0.533333,3.035714,0.480000,0.000000,26,1,0,17717.90234375,-552.9564772145417
860,940800,672000,0.000000,3.016667,0.482574,0.005556,26,7,0,20146.72265625,-562.4802867383512
861,710400,576000,0.166667,2.333333,0.191489,0.016667,25,3,0,21498.61328125,-567.8566308243727
862,940800,672000,0.000000,2.400000,0.448878,0.005556,25,7,0,17256.849609375,-553.289810547875
863,1171200,672000,0.200000,3.350000,0.480000,0.000000,25,8,0,21193.515625,-568.1899641577061
864,710400,672000,0.000000,3.500000,0.487805,0.005556,25,6,0,23844.73046875,-577.7137736815156
865,940800,576000,0.142857,3.222222,0.486486,0.000000,25,1,0,18138.240234375,-558.6661546338966
866,1171200,672000,0.000000,2.566667,0.490463,0.005556,25,8,0,19082.318359375,-562.8136200716846
867,710400,576000,0.000000,2.866667,0.483871,0.011111,25,0,0,23211.806640625,-577.7137736815156
868,940800,672000,0.250000,1.500000,0.452261,0.005556,25,7,0,16190.224609375,-553.289810547875
869,940800,576000,0.200000,2.600000,0.490463,0.000000,25,1,0,20010.619140625,-568.1899641577061
870,1171200,576000,0.250000,2.333333,0.472441,0.005556,25,2,0,18333.265625,-562.8136200716846
871,1171200,576000,0.285714,1.983333,0.476190,0.000000,26,5,0,20806.486328125,-572.3374295954941
872,940800,672000,0.000000,1.000000,0.474934,0.000000,26,7,0,20514.73046875,-572.0040962621607
873,710400,576000,0.250000,3.166667,0.458015,0.005556,26,3,0,19154.279296875,-567.8566308243727
874,940800,576000,0.500000,3.000000,0.462725,0.005556,26,4,0,15083.9072265625,-552.9564772145417
875,940800,672000,0.000000,2.000000,0.474934,0.000000,26,7,0,17335.98828125,-562.4802867383512
876,940800,672000,0.000000,nan,0.476190,0.000000,26,7,0,18597.109375,-567.8566308243727
877,1171200,576000,1.000000,2.583333,0.486486,0.000000,26,5,0,18414.55078125,-567.8566308243727
878,940800,672000,0.833333,3.750000,0.485175,0.000000,26,7,0,19370.2890625,-572.0040962621607
879,940800,576000,0.833333,3.250000,0.490463,0.000000,26,4,0,18051.95703125,-567.8566308243727
880,1171200,672000,1.000000,nan,0.455696,0.005556,26,8,0,16463.486328125,-562.4802867383512
881,940800,576000,0.850000,2.083333,0.474934,0.000000,25,4,0,20318.419921875,-577.3804403481822
882,710400,576000,0.000000,0.500000,0.487805,0.000000,25,0,0,16206.4208984375,-562.8136200716846
883,1171200,576000,0.500000,2.666667,0.476190,0.000000,25,2,0,13715.4990234375,-553.289810547875
884,710400,576000,0.000000,1.166667,0.482574,0.005556,25,3,0,18360.6796875,-572.3374295954941
885,1171200,672000,0.000000,nan,0.432692,0.000000,25,8,0,13408.0615234375,-553.289810547875
886,940800,576000,0.000000,2.833333,0.478723,0.000000,25,1,0,19478.25390625,-577.7137736815156
887,940800,576000,0.333333,3.750000,0.472441,0.000000,25,4,0,15377.771484375,-562.8136200716846
888,940800,576000,0.600000,3.183333,0.459184,0.005556,25,1,0,15216.0673828125,-562.8136200716846
889,1171200,576000,0.500000,2.833333,0.486486,0.000000,25,5,0,15056.0419921875,-562.8136200716846
890,1171200,576000,0.250000,2.666667,0.480000,0.000000,26,2,0,17313.197265625,-572.3374295954941
891,1171200,576000,0.333333,2.166667,0.454545,0.000000,26,2,0,17055.70703125,-572.0040962621607
892,710400,672000,0.000000,1.566667,0.483871,0.005556,26,6,0,16886.35546875,-572.0040962621607
893,710400,576000,0.000000,nan,0.463918,0.011111,26,0,0,13369.232421875,-558.3328213005632
894,940800,576000,0.500000,nan,0.454545,0.000000,26,1,0,12013.171875,-552.9564772145417
895,710400,576000,0.250000,2.333333,0.460358,0.005556,26,3,0,14040.4560546875,-562.4802867383512
896,710400,576000,0.000000,3.750000,0.323160,0.027778,26,0,0,11736.6552734375,-552.9564772145417
897,710400,576000,0.000000,3.000000,0.465116,0.011111,26,3,0,11601.6396484375,-552.9564772145417
898,710400,576000,0.333333,1.666667,0.486486,0.000000,26,3,0,11468.9541015625,-552.9564772145417
899,710400,576000,0.333333,2.666667,0.474934,0.000000,26,0,0,11338.466796875,-552.9564772145417
900,1171200,576000,0.250000,3.500000,0.450000,0.000000,26,5,0,11210.064453125,-552.9564772145417
901,940800,672000,0.000000,3.000000,0.212264,0.000000,25,7,0,15457.0654296875,-572.0040962621607
902,940800,576000,0.000000,1.000000,0.446650,0.000000,25,4,0,14378.248046875,-568.1899641577061
903,940800,576000,0.000000,nan,0.334572,0.000000,25,4,0,12979.681640625,-562.8136200716846
904,710400,576000,0.500000,3.000000,0.490463,0.005556,25,3,0,12842.6416015625,-562.8136200716846
905,710400,576000,0.000000,2.416667,0.486486,0.000000,25,3,0,10650.2236328125,-553.289810547875
906,940800,576000,0.333333,3.083333,0.480000,0.005556,25,1,0,10527.73828125,-553.289810547875
907,1171200,576000,0.250000,3.333333,0.481283,0.005556,25,2,0,12441.0439453125,-562.8136200716846
908,710400,576000,0.333333,3.333333,0.392157,0.000000,25,0,0,14514.1904296875,-572.3374295954941
909,940800,576000,0.333333,3.666667,0.452261,0.000000,25,1,0,10167.65234375,-553.289810547875
910,1171200,576000,0.000000,2.166667,0.349515,0.000000,25,2,0,12049.986328125,-562.8136200716846
911,710400,576000,0.500000,3.500000,0.467532,0.000000,25,3,0,14092.330078125,-572.3374295954941
912,1171200,576000,0.000000,0.500000,0.485175,0.000000,26,5,0,9815.779296875,-553.289810547875
913,710400,672000,0.333333,1.500000,0.472441,0.005556,26,6,0,13737.3955078125,-572.0040962621607
914,1171200,576000,0.000000,3.166667,0.480000,0.005556,26,2,0,10598.6044921875,-558.3328213005632
915,940800,576000,0.000000,2.000000,0.473684,0.005556,26,1,0,13465.0712890625,-572.0040962621607
916,710400,576000,0.000000,nan,0.461538,0.000000,26,0,0,11221.25390625,-562.4802867383512
917,1171200,576000,0.900000,3.600000,0.485175,0.000000,26,5,0,9182.216796875,-552.9564772145417
918,710400,576000,0.000000,nan,0.271493,0.022222,26,0,0,13063.6015625,-572.0040962621607
919,1171200,576000,0.000000,2.166667,0.468750,0.005556,26,2,0,8962.37109375,-552.9564772145417
920,940800,576000,0.333333,2.500000,0.480000,0.005556,26,1,0,12802.0234375,-572.0040962621607
921,940800,672000,0.250000,1.250000,0.460358,0.000000,25,7,0,10618.796875,-562.4802867383512
922,710400,576000,0.333333,0.000000,0.468750,0.005556,25,3,0,11703.9541015625,-568.1899641577061
923,940800,576000,0.333333,2.166667,0.490463,0.011111,25,1,0,8595.4140625,-553.289810547875
924,710400,576000,0.250000,2.433333,0.490463,0.005556,25,0,0,10336.6923828125,-562.8136200716846
925,1171200,576000,1.333333,2.666667,0.486486,0.000000,25,5,0,8387.20703125,-553.289810547875
926,940800,672000,2.000000,1.833333,0.452261,0.000000,25,7,0,12115.91015625,-572.3374295954941
927,1171200,576000,0.250000,2.333333,0.454545,0.005556,25,5,0,11101.58203125,-568.1899641577061
928,940800,576000,1.133333,2.400000,0.485175,0.005556,26,1,0,11870.0654296875,-572.3374295954941
929,940800,576000,0.333333,1.928571,0.483871,0.005556,26,1,0,9707.7998046875,-562.4802867383512
930,710400,576000,0.000000,2.266667,0.490463,0.000000,26,3,0,9597.427734375,-562.4802867383512
931,1171200,576000,0.250000,3.466667,0.483871,0.005556,26,2,0,7723.56591796875,-552.9564772145417
932,1171200,576000,0.000000,2.371429,0.461538,0.005556,26,5,0,11316.7900390625,-572.0040962621607
933,940800,576000,0.566667,1.916667,0.486486,0.000000,26,4,0,11199.255859375,-572.0040962621607
934,710400,576000,0.142857,1.450000,0.478723,0.000000,26,3,0,9167.349609375,-562.4802867383512
935,940800,672000,0.250000,2.266667,0.477454,0.000000,26,7,0,7339.21533203125,-552.9564772145417
936,710400,576000,0.200000,2.638095,0.462725,0.016667,26,3,0,10004.8525390625,-567.8566308243727
937,710400,672000,0.250000,2.516667,0.490463,0.000000,26,6,0,7153.52099609375,-552.9564772145417
938,710400,576000,0.166667,0.983333,0.349515,0.038889,25,3,0,7995.40380859375,-558.3328213005632
939,940800,672000,0.333333,2.071429,0.463918,0.011111,25,7,0,7029.24755859375,-553.289810547875
940,1171200,672000,0.166667,2.654762,0.371901,0.005556,25,8,0,9646.03515625,-568.1899641577061
941,1171200,576000,0.000000,2.683333,0.483871,0.005556,25,5,0,11493.923828125,-577.7137736815156
942,1171200,672000,0.000000,3.000000,0.485175,0.000000,25,8,0,10261.396484375,-572.3374295954941
943,940800,576000,0.333333,nan,0.490463,0.000000,25,1,0,11265.1328125,-577.7137736815156
944,1171200,672000,0.000000,3.750000,0.476190,0.000000,26,8,0,8225.462890625,-562.8136200716846
945,1171200,672000,0.250000,0.000000,0.472441,0.000000,26,8,0,10966.681640625,-577.3804403481822
946,1171200,576000,0.000000,2.366667,0.486486,0.000000,26,2,0,10853.095703125,-577.3804403481822
947,710400,672000,0.000000,2.466667,0.459184,0.000000,26,6,0,9653.8837890625,-572.0040962621607
948,940800,672000,0.400000,2.950000,0.469974,0.005556,26,7,0,7061.876953125,-558.3328213005632
949,710400,576000,0.000000,2.100000,0.478723,0.000000,26,3,0,8652.4169921875,-567.8566308243727
950,940800,576000,0.200000,1.833333,0.466321,0.005556,25,1,0,6018.564453125,-552.9564772145417
951,1171200,672000,0.500000,1.483333,0.172911,0.038889,25,8,0,7552.96142578125,-562.8136200716846
952,940800,672000,0.250000,2.166667,0.483871,0.005556,25,7,0,10258.21875,-577.7137736815156
953,940800,672000,0.000000,3.500000,0.444444,0.000000,25,7,0,8322.7919921875,-568.1899641577061
954,710400,672000,0.900000,3.083333,0.485175,0.000000,25,6,0,8226.6474609375,-568.1899641577061
955,1171200,672000,0.800000,2.500000,0.480000,0.005556,26,8,0,6504.41162109375,-558.6661546338966
956,1171200,576000,0.250000,2.800000,0.217918,0.022222,26,2,0,9770.10546875,-577.3804403481822
957,710400,576000,0.000000,3.000000,0.472441,0.000000,26,0,0,8638.388671875,-572.0040962621607
958,710400,576000,0.200000,3.066667,0.122532,0.005556,26,0,0,5383.18310546875,-552.9564772145417
959,710400,672000,0.000000,3.583333,0.490463,0.000000,26,6,0,5307.92822265625,-552.9564772145417
960,710400,576000,0.400000,3.050000,0.474934,0.000000,26,3,0,6041.45654296875,-558.3328213005632
961,710400,576000,0.000000,1.666667,0.347490,0.000000,25,3,0,5162.60302734375,-552.9564772145417
962,710400,576000,0.250000,1.683333,0.490463,0.000000,25,0,0,5140.01220703125,-553.289810547875
963,710400,576000,0.333333,1.666667,0.141066,0.038889,25,0,0,5071.00634765625,-553.289810547875
964,1171200,576000,0.142857,3.041667,0.481283,0.005556,25,5,0,5003.4638671875,-553.289810547875
965,710400,672000,0.000000,nan,0.478723,0.000000,25,6,0,7976.92431640625,-572.3374295954941
966,710400,576000,0.666667,2.333333,0.483871,0.000000,25,0,0,5650.310546875,-558.6661546338966
967,940800,576000,0.833333,3.500000,0.471204,0.005556,25,1,0,4805.57666015625,-553.289810547875
968,710400,672000,0.000000,2.166667,0.485175,0.000000,26,6,0,6143.8603515625,-562.8136200716846
969,710400,576000,0.000000,1.666667,0.473684,0.000000,26,3,0,5393.353515625,-558.3328213005632
970,940800,576000,0.000000,1.500000,0.485175,0.000000,26,4,0,4570.30126953125,-552.9564772145417
971,940800,672000,0.333333,nan,0.476190,0.000000,26,7,0,5879.08642578125,-562.4802867383512
972,940800,672000,0.000000,1.916667,0.458015,0.011111,26,7,0,6658.46630859375,-567.8566308243727
973,1171200,576000,0.250000,2.333333,0.465116,0.000000,26,5,0,6584.484375,-567.8566308243727
974,1171200,576000,0.450000,2.916667,0.322004,0.000000,26,2,0,7197.08984375,-572.0040962621607
975,1171200,576000,0.000000,3.666667,0.485175,0.000000,26,2,0,7119.11474609375,-572.0040962621607
976,710400,576000,0.000000,1.500000,0.472441,0.011111,26,0,0,7041.01171875,-572.0040962621607
977,1171200,576000,0.500000,2.500000,0.454545,0.005556,26,2,0,4146.85595703125,-552.9564772145417
978,1171200,672000,0.000000,2.666667,0.439024,0.005556,25,8,0,6886.54345703125,-572.0040962621607
979,710400,672000,0.333333,2.666667,0.490463,0.000000,25,6,0,7785.1162109375,-577.7137736815156
980,940800,576000,0.000000,1.566667,0.474934,0.000000,25,4,0,4722.20361328125,-558.6661546338966
981,1171200,576000,0.500000,2.500000,0.486486,0.000000,25,5,0,5242.35546875,-562.8136200716846
982,940800,576000,0.733333,3.166667,0.201794,0.011111,25,4,0,6637.30126953125,-572.3374295954941
983,1171200,576000,0.833333,3.333333,0.490463,0.000000,25,5,0,5110.08984375,-562.8136200716846
984,1171200,576000,0.000000,3.000000,0.423529,0.005556,25,5,0,6488.4970703125,-572.3374295954941
985,1171200,576000,0.333333,nan,0.459184,0.011111,25,5,0,6414.68115234375,-572.3374295954941
986,1171200,576000,0.583333,1.666667,0.460358,0.000000,25,5,0,6340.966796875,-572.3374295954941
987,1171200,576000,0.000000,2.000000,0.423529,0.011111,26,5,0,6267.4560546875,-572.3374295954941
988,940800,672000,0.000000,2.500000,0.460358,0.000000,26,7,0,6141.8466796875,-572.0040962621607
989,940800,576000,0.000000,0.500000,0.485175,0.000000,26,1,0,5440.228515625,-567.8566308243727
990,710400,672000,0.250000,2.266667,0.485175,0.000000,26,6,0,4612.9873046875,-562.4802867383512
991,940800,576000,0.000000,2.416667,0.486486,0.000000,26,1,0,4008.70849609375,-558.3328213005632
992,940800,672000,0.500000,2.833333,0.483871,0.005556,26,7,0,4490.6279296875,-562.4802867383512
993,1171200,576000,1.500000,3.500000,0.485175,0.005556,26,5,0,5175.82958984375,-567.8566308243727
994,710400,576000,0.000000,3.500000,0.467532,0.011111,26,0,0,5722.38134765625,-572.0040962621607
995,940800,672000,0.200000,2.433333,0.431655,0.022222,26,7,0,3153.1884765625,-552.9564772145417
996,710400,576000,0.000000,0.833333,0.455696,0.011111,26,0,0,4986.9208984375,-567.8566308243727
997,710400,576000,0.000000,nan,0.345489,0.000000,26,3,0,3056.252685546875,-552.9564772145417
998,1171200,672000,0.000000,1.166667,0.474934,0.011111,26,8,0,3009.453857421875,-552.9564772145417
999,1171200,576000,0.333333,2.500000,0.398230,0.011111,26,2,0,6219.93212890625,-577.3804403481822
